Datetime,Jefferson River near Three Forks MT: Streamflow,Madison River bl Ennis Lake nr McAllister MT: Streamflow,Gallatin River at Logan MT: Streamflow
2014-10-01,1450.0,1900.0,887.0
2014-10-02,1480.0,1860.0,886.0
2014-10-03,1490.0,1680.0,836.0
2014-10-04,1480.0,1600.0,823.0
2014-10-05,1420.0,1520.0,795.0
2014-10-06,1380.0,1550.0,771.0
2014-10-07,1280.0,1630.0,762.0
2014-10-08,1240.0,1650.0,762.0
2014-10-09,1220.0,1640.0,750.0
2014-10-10,1250.0,1590.0,747.0
2014-10-11,1270.0,1530.0,748.0
2014-10-12,1260.0,1510.0,790.0
2014-10-13,1280.0,1500.0,843.0
2014-10-14,1300.0,1480.0,812.0
2014-10-15,1320.0,1490.0,799.0
2014-10-16,1330.0,1510.0,804.0
2014-10-17,1320.0,1460.0,797.0
2014-10-18,1320.0,1450.0,783.0
2014-10-19,1310.0,1440.0,768.0
2014-10-20,1290.0,1510.0,761.0
2014-10-21,1330.0,1360.0,759.0
2014-10-22,1410.0,1370.0,789.0
2014-10-23,1470.0,1390.0,785.0
2014-10-24,1510.0,1400.0,768.0
2014-10-25,1560.0,1400.0,787.0
2014-10-26,1620.0,1410.0,790.0
2014-10-27,1630.0,1460.0,803.0
2014-10-28,1630.0,1490.0,810.0
2014-10-29,1610.0,1450.0,802.0
2014-10-30,1570.0,1470.0,806.0
2014-10-31,1550.0,1540.0,801.0
2014-11-01,1540.0,1540.0,816.0
2014-11-02,1550.0,1530.0,853.0
2014-11-03,1530.0,1510.0,857.0
2014-11-04,1510.0,1480.0,843.0
2014-11-05,1520.0,1460.0,845.0
2014-11-06,1500.0,1420.0,845.0
2014-11-07,1480.0,1430.0,838.0
2014-11-08,1490.0,1420.0,847.0
2014-11-09,1520.0,1420.0,849.0
2014-11-10,1540.0,1470.0,847.0
2014-11-11,1500.0,1520.0,785.0
2014-11-12,919.0,1490.0,707.0
2014-11-13,781.0,1470.0,621.0
2014-11-14,833.0,1470.0,632.0
2014-11-15,834.0,1460.0,682.0
2014-11-16,784.0,1460.0,699.0
2014-11-17,949.0,1460.0,690.0
2014-11-18,1140.0,1450.0,727.0
2014-11-19,1320.0,1380.0,722.0
2014-11-20,1490.0,1370.0,754.0
2014-11-21,1560.0,1370.0,784.0
2014-11-22,1530.0,1400.0,810.0
2014-11-23,1490.0,1420.0,817.0
2014-11-24,1500.0,1420.0,786.0
2014-11-25,1520.0,1420.0,788.0
2014-11-26,1560.0,1420.0,826.0
2014-11-27,1670.0,1420.0,809.0
2014-11-28,1920.0,1480.0,870.0
2014-11-29,1850.0,1570.0,878.0
2014-11-30,1620.0,1420.0,752.0
2014-12-01,1300.0,1420.0,665.0
2014-12-02,1200.0,1410.0,748.0
2014-12-03,1400.0,1470.0,813.0
2014-12-04,1500.0,1560.0,805.0
2014-12-05,1600.0,1710.0,822.0
2014-12-06,1500.0,1720.0,810.0
2014-12-07,1500.0,1640.0,811.0
2014-12-08,1500.0,1600.0,800.0
2014-12-09,1500.0,1540.0,788.0
2014-12-10,1500.0,1520.0,783.0
2014-12-11,1500.0,1560.0,774.0
2014-12-12,1450.0,1600.0,776.0
2014-12-13,1440.0,1600.0,794.0
2014-12-14,1470.0,1610.0,807.0
2014-12-15,1440.0,1630.0,795.0
2014-12-16,1340.0,1670.0,725.0
2014-12-17,1370.0,1640.0,749.0
2014-12-18,1340.0,1640.0,758.0
2014-12-19,1320.0,1650.0,742.0
2014-12-20,1360.0,1660.0,769.0
2014-12-21,1370.0,1640.0,768.0
2014-12-22,1390.0,1640.0,779.0
2014-12-23,1360.0,1580.0,759.0
2014-12-24,1320.0,1560.0,741.0
2014-12-25,1360.0,1540.0,757.0
2014-12-26,1250.0,1520.0,747.0
2014-12-27,1220.0,1460.0,730.0
2014-12-28,1000.0,1420.0,703.0
2014-12-29,900.0,1420.0,603.0
2014-12-30,820.0,1410.0,496.0
2014-12-31,800.0,1410.0,484.0
2015-01-01,880.0,1410.0,509.0
2015-01-02,1000.0,1410.0,609.0
2015-01-03,1200.0,1410.0,661.0
2015-01-04,1200.0,1410.0,643.0
2015-01-05,1300.0,1420.0,681.0
2015-01-06,1300.0,1420.0,668.0
2015-01-07,1300.0,1500.0,660.0
2015-01-08,1300.0,1660.0,668.0
2015-01-09,1300.0,1600.0,678.0
2015-01-10,1400.0,1460.0,682.0
2015-01-11,1400.0,1460.0,677.0
2015-01-12,1400.0,1520.0,701.0
2015-01-13,1300.0,1560.0,696.0
2015-01-14,1300.0,1560.0,697.0
2015-01-15,1300.0,1560.0,706.0
2015-01-16,1300.0,1540.0,703.0
2015-01-17,1200.0,1480.0,670.0
2015-01-18,1300.0,1460.0,707.0
2015-01-19,1400.0,1460.0,748.0
2015-01-20,1300.0,1460.0,716.0
2015-01-21,1300.0,1510.0,698.0
2015-01-22,1200.0,1550.0,650.0
2015-01-23,1200.0,1550.0,651.0
2015-01-24,1300.0,1550.0,684.0
2015-01-25,1300.0,1490.0,692.0
2015-01-26,1300.0,1510.0,708.0
2015-01-27,1300.0,1610.0,730.0
2015-01-28,1400.0,1730.0,732.0
2015-01-29,1300.0,1840.0,766.0
2015-01-30,1300.0,1720.0,730.0
2015-01-31,1250.0,1560.0,690.0
2015-02-01,1170.0,1450.0,675.0
2015-02-02,1220.0,1450.0,702.0
2015-02-03,1230.0,1460.0,709.0
2015-02-04,1210.0,1460.0,711.0
2015-02-05,1210.0,1460.0,705.0
2015-02-06,1210.0,1520.0,732.0
2015-02-07,1250.0,1530.0,883.0
2015-02-08,1320.0,1620.0,909.0
2015-02-09,1460.0,1700.0,861.0
2015-02-10,1660.0,1720.0,858.0
2015-02-11,1730.0,1710.0,846.0
2015-02-12,1910.0,1630.0,812.0
2015-02-13,1950.0,1490.0,789.0
2015-02-14,1870.0,1450.0,775.0
2015-02-15,1780.0,1430.0,785.0
2015-02-16,1740.0,1340.0,783.0
2015-02-17,1670.0,1400.0,748.0
2015-02-18,1550.0,1440.0,716.0
2015-02-19,1460.0,1420.0,739.0
2015-02-20,1430.0,1380.0,745.0
2015-02-21,1420.0,1380.0,747.0
2015-02-22,1270.0,1380.0,683.0
2015-02-23,1230.0,1350.0,619.0
2015-02-24,1180.0,1290.0,636.0
2015-02-25,1200.0,1290.0,728.0
2015-02-26,1220.0,1290.0,714.0
2015-02-27,1190.0,1290.0,650.0
2015-02-28,1330.0,1290.0,649.0
2015-03-01,1160.0,1290.0,681.0
2015-03-02,1190.0,1290.0,648.0
2015-03-03,1190.0,1290.0,662.0
2015-03-04,1100.0,1280.0,666.0
2015-03-05,1120.0,1280.0,646.0
2015-03-06,1150.0,1280.0,664.0
2015-03-07,1130.0,1280.0,676.0
2015-03-08,1110.0,1290.0,670.0
2015-03-09,1120.0,1320.0,670.0
2015-03-10,1130.0,1380.0,675.0
2015-03-11,1160.0,1360.0,682.0
2015-03-12,1220.0,1330.0,692.0
2015-03-13,1300.0,1320.0,700.0
2015-03-14,1390.0,1320.0,699.0
2015-03-15,1530.0,1320.0,714.0
2015-03-16,1860.0,1300.0,777.0
2015-03-17,2560.0,1290.0,852.0
2015-03-18,2750.0,1280.0,909.0
2015-03-19,2540.0,1290.0,937.0
2015-03-20,2370.0,1300.0,886.0
2015-03-21,2220.0,1300.0,874.0
2015-03-22,2160.0,1300.0,887.0
2015-03-23,2130.0,1270.0,880.0
2015-03-24,2060.0,1240.0,891.0
2015-03-25,1980.0,1240.0,875.0
2015-03-26,1880.0,1240.0,842.0
2015-03-27,1810.0,1240.0,823.0
2015-03-28,1820.0,1230.0,837.0
2015-03-29,1970.0,1220.0,882.0
2015-03-30,2040.0,1220.0,881.0
2015-03-31,2010.0,1240.0,873.0
2015-04-01,2020.0,1260.0,938.0
2015-04-02,2090.0,1250.0,954.0
2015-04-03,2100.0,1250.0,904.0
2015-04-04,2000.0,1260.0,870.0
2015-04-05,1950.0,1260.0,867.0
2015-04-06,1940.0,1200.0,882.0
2015-04-07,1880.0,1140.0,876.0
2015-04-08,1810.0,1140.0,843.0
2015-04-09,1740.0,1150.0,822.0
2015-04-10,1650.0,1130.0,794.0
2015-04-11,1560.0,1130.0,773.0
2015-04-12,1530.0,1140.0,790.0
2015-04-13,1500.0,1130.0,789.0
2015-04-14,1440.0,1120.0,776.0
2015-04-15,1430.0,1140.0,863.0
2015-04-16,1460.0,1130.0,893.0
2015-04-17,1430.0,1140.0,882.0
2015-04-18,1400.0,1140.0,856.0
2015-04-19,1400.0,1140.0,886.0
2015-04-20,1450.0,1140.0,891.0
2015-04-21,1450.0,1140.0,867.0
2015-04-22,1460.0,1140.0,901.0
2015-04-23,1470.0,1130.0,1020.0
2015-04-24,1650.0,1120.0,1150.0
2015-04-25,1910.0,1120.0,1280.0
2015-04-26,2140.0,1120.0,1320.0
2015-04-27,2170.0,1140.0,1240.0
2015-04-28,2070.0,1120.0,1130.0
2015-04-29,1960.0,1140.0,1100.0
2015-04-30,1870.0,1140.0,1210.0
2015-05-01,1890.0,1260.0,1440.0
2015-05-02,1840.0,1390.0,1520.0
2015-05-03,1840.0,1490.0,1540.0
2015-05-04,1860.0,1570.0,1480.0
2015-05-05,1940.0,1630.0,1510.0
2015-05-06,2140.0,1650.0,1650.0
2015-05-07,2380.0,1660.0,1710.0
2015-05-08,2460.0,1650.0,1630.0
2015-05-09,2390.0,1580.0,1450.0
2015-05-10,2230.0,1530.0,1300.0
2015-05-11,2090.0,1440.0,1150.0
2015-05-12,1920.0,1260.0,1000.0
2015-05-13,1860.0,1170.0,1110.0
2015-05-14,2030.0,1170.0,1180.0
2015-05-15,2320.0,1180.0,1240.0
2015-05-16,2620.0,1710.0,1570.0
2015-05-17,3110.0,2230.0,2180.0
2015-05-18,3660.0,1590.0,2040.0
2015-05-19,3600.0,1600.0,1860.0
2015-05-20,3510.0,1600.0,1770.0
2015-05-21,3200.0,1620.0,1670.0
2015-05-22,2950.0,1650.0,1750.0
2015-05-23,2940.0,1630.0,1830.0
2015-05-24,3010.0,1630.0,2110.0
2015-05-25,3120.0,1780.0,2270.0
2015-05-26,3290.0,2140.0,2530.0
2015-05-27,3530.0,2370.0,2900.0
2015-05-28,3810.0,2360.0,2900.0
2015-05-29,4040.0,2230.0,2960.0
2015-05-30,4170.0,2150.0,3120.0
2015-05-31,4310.0,2350.0,3510.0
2015-06-01,4310.0,3220.0,3990.0
2015-06-02,4500.0,3870.0,4260.0
2015-06-03,4740.0,4270.0,4030.0
2015-06-04,4960.0,4010.0,3600.0
2015-06-05,4930.0,3380.0,3420.0
2015-06-06,4610.0,3320.0,3230.0
2015-06-07,4300.0,4220.0,3080.0
2015-06-08,3890.0,3650.0,2920.0
2015-06-09,3500.0,2960.0,2910.0
2015-06-10,3190.0,2960.0,2780.0
2015-06-11,3030.0,2790.0,2540.0
2015-06-12,2840.0,2420.0,2170.0
2015-06-13,2630.0,2080.0,1950.0
2015-06-14,2380.0,1940.0,1720.0
2015-06-15,2090.0,1700.0,1500.0
2015-06-16,1900.0,1640.0,1360.0
2015-06-17,1810.0,1680.0,1270.0
2015-06-18,1720.0,1620.0,1130.0
2015-06-19,1600.0,1580.0,997.0
2015-06-20,1520.0,1550.0,945.0
2015-06-21,1380.0,1520.0,864.0
2015-06-22,1300.0,1370.0,811.0
2015-06-23,1230.0,1210.0,718.0
2015-06-24,1150.0,1140.0,598.0
2015-06-25,1050.0,1180.0,520.0
2015-06-26,948.0,1170.0,471.0
2015-06-27,872.0,1310.0,410.0
2015-06-28,783.0,1490.0,356.0
2015-06-29,697.0,1690.0,331.0
2015-06-30,650.0,1870.0,314.0
2015-07-01,649.0,1790.0,289.0
2015-07-02,639.0,1550.0,249.0
2015-07-03,579.0,1610.0,246.0
2015-07-04,617.0,1640.0,243.0
2015-07-05,657.0,1490.0,247.0
2015-07-06,636.0,1400.0,279.0
2015-07-07,650.0,1410.0,287.0
2015-07-08,592.0,1410.0,291.0
2015-07-09,488.0,1380.0,285.0
2015-07-10,455.0,1470.0,269.0
2015-07-11,415.0,1550.0,286.0
2015-07-12,428.0,1500.0,305.0
2015-07-13,434.0,1310.0,293.0
2015-07-14,449.0,1230.0,275.0
2015-07-15,450.0,1300.0,271.0
2015-07-16,463.0,1330.0,286.0
2015-07-17,473.0,1270.0,293.0
2015-07-18,477.0,1180.0,278.0
2015-07-19,469.0,1160.0,263.0
2015-07-20,444.0,1170.0,260.0
2015-07-21,411.0,1160.0,252.0
2015-07-22,395.0,1160.0,281.0
2015-07-23,387.0,1290.0,371.0
2015-07-24,401.0,1250.0,491.0
2015-07-25,403.0,1250.0,451.0
2015-07-26,402.0,1240.0,416.0
2015-07-27,441.0,1230.0,424.0
2015-07-28,520.0,1290.0,589.0
2015-07-29,573.0,1340.0,590.0
2015-07-30,633.0,1290.0,510.0
2015-07-31,586.0,1260.0,459.0
2015-08-01,533.0,1200.0,422.0
2015-08-02,493.0,1180.0,394.0
2015-08-03,448.0,1170.0,373.0
2015-08-04,422.0,1170.0,361.0
2015-08-05,383.0,1150.0,365.0
2015-08-06,363.0,1140.0,401.0
2015-08-07,357.0,1130.0,422.0
2015-08-08,347.0,1130.0,414.0
2015-08-09,335.0,1250.0,473.0
2015-08-10,345.0,1310.0,467.0
2015-08-11,341.0,1310.0,412.0
2015-08-12,334.0,1210.0,379.0
2015-08-13,341.0,1150.0,424.0
2015-08-14,339.0,1160.0,414.0
2015-08-15,330.0,1230.0,386.0
2015-08-16,321.0,1260.0,370.0
2015-08-17,323.0,1200.0,378.0
2015-08-18,321.0,1200.0,385.0
2015-08-19,321.0,1200.0,391.0
2015-08-20,314.0,1200.0,385.0
2015-08-21,313.0,1200.0,370.0
2015-08-22,310.0,1200.0,347.0
2015-08-23,311.0,1190.0,351.0
2015-08-24,320.0,1190.0,356.0
2015-08-25,321.0,1190.0,351.0
2015-08-26,314.0,1190.0,336.0
2015-08-27,303.0,1190.0,327.0
2015-08-28,307.0,1190.0,327.0
2015-08-29,303.0,1180.0,325.0
2015-08-30,296.0,1190.0,323.0
2015-08-31,283.0,1240.0,329.0
2015-09-01,276.0,1230.0,318.0
2015-09-02,281.0,1200.0,307.0
2015-09-03,280.0,1170.0,293.0
2015-09-04,274.0,1160.0,301.0
2015-09-05,298.0,1150.0,337.0
2015-09-06,339.0,1150.0,370.0
2015-09-07,398.0,1150.0,369.0
2015-09-08,542.0,1150.0,365.0
2015-09-09,579.0,1150.0,348.0
2015-09-10,522.0,1150.0,332.0
2015-09-11,464.0,1200.0,326.0
2015-09-12,444.0,1150.0,323.0
2015-09-13,433.0,1150.0,320.0
2015-09-14,418.0,1150.0,316.0
2015-09-15,422.0,1330.0,341.0
2015-09-16,506.0,1450.0,438.0
2015-09-17,682.0,1450.0,550.0
2015-09-18,906.0,1410.0,603.0
2015-09-19,962.0,1310.0,592.0
2015-09-20,943.0,1240.0,569.0
2015-09-21,920.0,1240.0,542.0
2015-09-22,896.0,1240.0,541.0
2015-09-23,861.0,1240.0,540.0
2015-09-24,826.0,1240.0,515.0
2015-09-25,773.0,1240.0,502.0
2015-09-26,727.0,1230.0,481.0
2015-09-27,686.0,1240.0,461.0
2015-09-28,671.0,1240.0,463.0
2015-09-29,675.0,1230.0,464.0
2015-09-30,677.0,1230.0,466.0
2015-10-01,687.0,1230.0,467.0
2015-10-02,715.0,1240.0,468.0
2015-10-03,756.0,1240.0,484.0
2015-10-04,839.0,1240.0,513.0
2015-10-05,891.0,1230.0,517.0
2015-10-06,918.0,1230.0,504.0
2015-10-07,922.0,1240.0,486.0
2015-10-08,966.0,1240.0,471.0
2015-10-09,975.0,1270.0,468.0
2015-10-10,951.0,1330.0,463.0
2015-10-11,916.0,1310.0,461.0
2015-10-12,877.0,1230.0,465.0
2015-10-13,878.0,1200.0,460.0
2015-10-14,875.0,1200.0,455.0
2015-10-15,880.0,1240.0,455.0
2015-10-16,907.0,1270.0,473.0
2015-10-17,910.0,1270.0,489.0
2015-10-18,929.0,1300.0,492.0
2015-10-19,950.0,1260.0,501.0
2015-10-20,1020.0,1330.0,556.0
2015-10-21,1090.0,1430.0,593.0
2015-10-22,1090.0,1460.0,569.0
2015-10-23,1090.0,1540.0,579.0
2015-10-24,1130.0,1560.0,584.0
2015-10-25,1150.0,1430.0,580.0
2015-10-26,1150.0,1370.0,594.0
2015-10-27,1170.0,1320.0,691.0
2015-10-28,1160.0,1280.0,642.0
2015-10-29,1160.0,1270.0,615.0
2015-10-30,1160.0,1260.0,627.0
2015-10-31,1140.0,1330.0,703.0
2015-11-01,1140.0,1470.0,707.0
2015-11-02,1160.0,1590.0,739.0
2015-11-03,1260.0,1650.0,841.0
2015-11-04,1380.0,1760.0,887.0
2015-11-05,1430.0,1810.0,839.0
2015-11-06,1410.0,1760.0,809.0
2015-11-07,1360.0,1700.0,786.0
2015-11-08,1310.0,1600.0,749.0
2015-11-09,1250.0,1410.0,770.0
2015-11-10,1290.0,1330.0,807.0
2015-11-11,1340.0,1320.0,795.0
2015-11-12,1360.0,1320.0,772.0
2015-11-13,1290.0,1320.0,782.0
2015-11-14,1300.0,1320.0,793.0
2015-11-15,1320.0,1320.0,785.0
2015-11-16,1370.0,1320.0,789.0
2015-11-17,1320.0,1310.0,773.0
2015-11-18,1330.0,1350.0,761.0
2015-11-19,1250.0,1420.0,752.0
2015-11-20,1300.0,1420.0,739.0
2015-11-21,1160.0,1420.0,680.0
2015-11-22,1100.0,1420.0,630.0
2015-11-23,1050.0,1420.0,652.0
2015-11-24,1000.0,1420.0,694.0
2015-11-25,860.0,1400.0,700.0
2015-11-26,740.0,1290.0,663.0
2015-11-27,650.0,1210.0,575.0
2015-11-28,680.0,1190.0,545.0
2015-11-29,720.0,1190.0,555.0
2015-11-30,750.0,1180.0,580.0
2015-12-01,780.0,1180.0,615.0
2015-12-02,800.0,1180.0,645.0
2015-12-03,850.0,1170.0,655.0
2015-12-04,920.0,1180.0,665.0
2015-12-05,1050.0,1250.0,678.0
2015-12-06,1100.0,1340.0,659.0
2015-12-07,1100.0,1370.0,670.0
2015-12-08,1100.0,1440.0,687.0
2015-12-09,1150.0,1580.0,692.0
2015-12-10,1150.0,1690.0,688.0
2015-12-11,1150.0,1680.0,673.0
2015-12-12,1100.0,1570.0,657.0
2015-12-13,1100.0,1440.0,649.0
2015-12-14,1100.0,1280.0,658.0
2015-12-15,1050.0,1170.0,659.0
2015-12-16,1000.0,1170.0,656.0
2015-12-17,970.0,1160.0,652.0
2015-12-18,920.0,1160.0,656.0
2015-12-19,1000.0,1230.0,656.0
2015-12-20,1150.0,1380.0,667.0
2015-12-21,1100.0,1440.0,656.0
2015-12-22,1050.0,1440.0,663.0
2015-12-23,1000.0,1360.0,649.0
2015-12-24,940.0,1200.0,641.0
2015-12-25,880.0,1160.0,638.0
2015-12-26,880.0,1220.0,625.0
2015-12-27,860.0,1210.0,587.0
2015-12-28,880.0,1160.0,627.0
2015-12-29,920.0,1150.0,637.0
2015-12-30,940.0,1150.0,659.0
2015-12-31,940.0,1140.0,654.0
2016-01-01,920.0,1140.0,633.0
2016-01-02,880.0,1140.0,611.0
2016-01-03,860.0,1140.0,594.0
2016-01-04,880.0,1140.0,627.0
2016-01-05,930.0,1350.0,648.0
2016-01-06,920.0,1470.0,640.0
2016-01-07,900.0,1470.0,625.0
2016-01-08,900.0,1470.0,627.0
2016-01-09,900.0,1470.0,629.0
2016-01-10,880.0,1460.0,614.0
2016-01-11,870.0,1350.0,602.0
2016-01-12,890.0,1190.0,619.0
2016-01-13,910.0,1120.0,635.0
2016-01-14,910.0,1130.0,637.0
2016-01-15,900.0,1240.0,624.0
2016-01-16,900.0,1320.0,625.0
2016-01-17,920.0,1340.0,641.0
2016-01-18,920.0,1410.0,647.0
2016-01-19,920.0,1460.0,642.0
2016-01-20,920.0,1460.0,641.0
2016-01-21,910.0,1460.0,635.0
2016-01-22,910.0,1400.0,630.0
2016-01-23,900.0,1340.0,630.0
2016-01-24,900.0,1270.0,629.0
2016-01-25,910.0,1310.0,634.0
2016-01-26,900.0,1370.0,626.0
2016-01-27,890.0,1220.0,617.0
2016-01-28,900.0,1260.0,633.0
2016-01-29,910.0,1360.0,635.0
2016-01-30,920.0,1370.0,638.0
2016-01-31,900.0,1370.0,622.0
2016-02-01,880.0,1220.0,612.0
2016-02-02,870.0,1130.0,605.0
2016-02-03,860.0,1130.0,601.0
2016-02-04,870.0,1120.0,605.0
2016-02-05,880.0,1120.0,613.0
2016-02-06,880.0,1150.0,610.0
2016-02-07,900.0,1310.0,606.0
2016-02-08,930.0,1480.0,604.0
2016-02-09,1000.0,1570.0,602.0
2016-02-10,1150.0,1530.0,605.0
2016-02-11,1220.0,1460.0,606.0
2016-02-12,1270.0,1460.0,622.0
2016-02-13,1350.0,1460.0,663.0
2016-02-14,1350.0,1460.0,670.0
2016-02-15,1420.0,1460.0,705.0
2016-02-16,1440.0,1460.0,792.0
2016-02-17,1470.0,1390.0,809.0
2016-02-18,1440.0,1340.0,773.0
2016-02-19,1400.0,1400.0,772.0
2016-02-20,1360.0,1380.0,765.0
2016-02-21,1280.0,1270.0,719.0
2016-02-22,1240.0,1260.0,685.0
2016-02-23,1210.0,1260.0,694.0
2016-02-24,1170.0,1260.0,660.0
2016-02-25,1150.0,1280.0,654.0
2016-02-26,1150.0,1330.0,667.0
2016-02-27,1150.0,1370.0,671.0
2016-02-28,1160.0,1370.0,698.0
2016-02-29,1150.0,1370.0,694.0
2016-03-01,1150.0,1370.0,668.0
2016-03-02,1130.0,1370.0,646.0
2016-03-03,1130.0,1370.0,658.0
2016-03-04,1110.0,1370.0,649.0
2016-03-05,1120.0,1370.0,657.0
2016-03-06,1130.0,1370.0,670.0
2016-03-07,1170.0,1370.0,692.0
2016-03-08,1200.0,1370.0,690.0
2016-03-09,1210.0,1370.0,669.0
2016-03-10,1190.0,1360.0,667.0
2016-03-11,1200.0,1330.0,665.0
2016-03-12,1230.0,1280.0,696.0
2016-03-13,1310.0,1320.0,699.0
2016-03-14,1390.0,1320.0,715.0
2016-03-15,1480.0,1270.0,719.0
2016-03-16,1500.0,1260.0,679.0
2016-03-17,1410.0,1260.0,664.0
2016-03-18,1370.0,1260.0,667.0
2016-03-19,1300.0,1260.0,635.0
2016-03-20,1240.0,1260.0,619.0
2016-03-21,1220.0,1250.0,654.0
2016-03-22,1230.0,1250.0,678.0
2016-03-23,1260.0,1250.0,719.0
2016-03-24,1300.0,1250.0,699.0
2016-03-25,1320.0,1250.0,713.0
2016-03-26,1330.0,1250.0,697.0
2016-03-27,1290.0,1240.0,677.0
2016-03-28,1240.0,1240.0,690.0
2016-03-29,1230.0,1270.0,704.0
2016-03-30,1220.0,1240.0,693.0
2016-03-31,1180.0,1280.0,688.0
2016-04-01,1170.0,1340.0,697.0
2016-04-02,1240.0,1340.0,674.0
2016-04-03,1370.0,1330.0,684.0
2016-04-04,1680.0,1320.0,729.0
2016-04-05,2190.0,1310.0,789.0
2016-04-06,2270.0,1310.0,815.0
2016-04-07,2090.0,1310.0,783.0
2016-04-08,2040.0,1310.0,787.0
2016-04-09,2250.0,1310.0,851.0
2016-04-10,2470.0,1320.0,944.0
2016-04-11,2580.0,1320.0,1020.0
2016-04-12,2590.0,1320.0,1040.0
2016-04-13,2610.0,1330.0,1130.0
2016-04-14,2980.0,1330.0,1360.0
2016-04-15,3390.0,1330.0,1330.0
2016-04-16,3340.0,1330.0,1210.0
2016-04-17,3070.0,1280.0,1090.0
2016-04-18,2810.0,1180.0,1030.0
2016-04-19,2620.0,1200.0,990.0
2016-04-20,2510.0,1620.0,987.0
2016-04-21,2470.0,1870.0,1140.0
2016-04-22,2640.0,1940.0,1360.0
2016-04-23,3010.0,2090.0,1610.0
2016-04-24,3610.0,2090.0,1850.0
2016-04-25,4190.0,2090.0,1840.0
2016-04-26,4260.0,2080.0,1750.0
2016-04-27,4000.0,1920.0,1600.0
2016-04-28,3730.0,1680.0,1490.0
2016-04-29,3410.0,1610.0,1360.0
2016-04-30,3110.0,1600.0,1270.0
2016-05-01,2900.0,1600.0,1200.0
2016-05-02,2710.0,1600.0,1110.0
2016-05-03,2420.0,1600.0,1090.0
2016-05-04,2250.0,1610.0,1200.0
2016-05-05,2160.0,1830.0,1450.0
2016-05-06,2370.0,1620.0,1760.0
2016-05-07,2670.0,2250.0,1970.0
2016-05-08,3010.0,2820.0,2080.0
2016-05-09,3590.0,2540.0,2450.0
2016-05-10,4210.0,2410.0,2660.0
2016-05-11,4430.0,2400.0,2300.0
2016-05-12,4370.0,2380.0,2040.0
2016-05-13,4140.0,2230.0,2000.0
2016-05-14,3820.0,1970.0,2090.0
2016-05-15,3510.0,1870.0,2290.0
2016-05-16,3460.0,2000.0,2460.0
2016-05-17,3660.0,2090.0,2300.0
2016-05-18,3600.0,2090.0,2220.0
2016-05-19,3430.0,2170.0,2380.0
2016-05-20,3540.0,2360.0,2870.0
2016-05-21,4310.0,2860.0,3460.0
2016-05-22,5070.0,3160.0,3770.0
2016-05-23,5650.0,3010.0,3270.0
2016-05-24,5390.0,2800.0,2930.0
2016-05-25,4890.0,2370.0,2610.0
2016-05-26,4430.0,2030.0,2410.0
2016-05-27,3960.0,2010.0,2370.0
2016-05-28,3700.0,2010.0,2530.0
2016-05-29,3640.0,2070.0,2420.0
2016-05-30,3490.0,2110.0,2400.0
2016-05-31,3190.0,2260.0,2430.0
2016-06-01,2810.0,2360.0,2360.0
2016-06-02,2530.0,2360.0,2430.0
2016-06-03,2320.0,2510.0,2600.0
2016-06-04,2270.0,2700.0,2770.0
2016-06-05,2330.0,2800.0,3020.0
2016-06-06,2500.0,2900.0,3370.0
2016-06-07,2760.0,2970.0,3420.0
2016-06-08,3040.0,2980.0,3490.0
2016-06-09,3280.0,2990.0,3460.0
2016-06-10,3320.0,2990.0,3410.0
2016-06-11,3310.0,2790.0,3070.0
2016-06-12,3290.0,2540.0,2710.0
2016-06-13,3130.0,2380.0,2270.0
2016-06-14,2820.0,2100.0,1970.0
2016-06-15,2610.0,2030.0,1770.0
2016-06-16,2690.0,1970.0,1890.0
2016-06-17,2940.0,1840.0,1780.0
2016-06-18,2980.0,1720.0,1520.0
2016-06-19,2720.0,1670.0,1430.0
2016-06-20,2370.0,1670.0,1320.0
2016-06-21,2060.0,1670.0,1160.0
2016-06-22,1740.0,1640.0,1030.0
2016-06-23,1520.0,1560.0,920.0
2016-06-24,1370.0,1450.0,810.0
2016-06-25,1230.0,1350.0,780.0
2016-06-26,1150.0,1340.0,704.0
2016-06-27,1130.0,1340.0,618.0
2016-06-28,1070.0,1300.0,528.0
2016-06-29,942.0,1240.0,452.0
2016-06-30,879.0,1220.0,408.0
2016-07-01,905.0,1450.0,370.0
2016-07-02,965.0,1550.0,332.0
2016-07-03,942.0,1630.0,302.0
2016-07-04,921.0,1670.0,309.0
2016-07-05,819.0,1780.0,297.0
2016-07-06,754.0,1190.0,279.0
2016-07-07,680.0,1190.0,258.0
2016-07-08,624.0,1200.0,258.0
2016-07-09,564.0,1190.0,253.0
2016-07-10,586.0,1300.0,289.0
2016-07-11,678.0,1500.0,415.0
2016-07-12,814.0,1500.0,442.0
2016-07-13,906.0,1490.0,391.0
2016-07-14,1000.0,1390.0,362.0
2016-07-15,977.0,1310.0,328.0
2016-07-16,884.0,1300.0,311.0
2016-07-17,777.0,1300.0,305.0
2016-07-18,700.0,1300.0,301.0
2016-07-19,642.0,1310.0,281.0
2016-07-20,584.0,1360.0,274.0
2016-07-21,501.0,1240.0,262.0
2016-07-22,435.0,1240.0,253.0
2016-07-23,400.0,1150.0,252.0
2016-07-24,356.0,1220.0,248.0
2016-07-25,331.0,1230.0,254.0
2016-07-26,308.0,1280.0,252.0
2016-07-27,290.0,1260.0,254.0
2016-07-28,239.0,1470.0,252.0
2016-07-29,219.0,1330.0,262.0
2016-07-30,205.0,1360.0,257.0
2016-07-31,193.0,1590.0,247.0
2016-08-01,185.0,1320.0,249.0
2016-08-02,178.0,1490.0,245.0
2016-08-03,166.0,1260.0,239.0
2016-08-04,146.0,1240.0,239.0
2016-08-05,140.0,1340.0,246.0
2016-08-06,138.0,1380.0,250.0
2016-08-07,153.0,1410.0,271.0
2016-08-08,164.0,1450.0,291.0
2016-08-09,172.0,1270.0,281.0
2016-08-10,184.0,1170.0,270.0
2016-08-11,190.0,1160.0,267.0
2016-08-12,184.0,1160.0,264.0
2016-08-13,175.0,1160.0,259.0
2016-08-14,184.0,1170.0,253.0
2016-08-15,191.0,1190.0,245.0
2016-08-16,193.0,1180.0,230.0
2016-08-17,180.0,1150.0,228.0
2016-08-18,166.0,1150.0,225.0
2016-08-19,175.0,1140.0,266.0
2016-08-20,178.0,1140.0,275.0
2016-08-21,178.0,1140.0,272.0
2016-08-22,178.0,1150.0,266.0
2016-08-23,165.0,1160.0,263.0
2016-08-24,160.0,1160.0,263.0
2016-08-25,156.0,1140.0,265.0
2016-08-26,169.0,1130.0,267.0
2016-08-27,169.0,1130.0,278.0
2016-08-28,172.0,1130.0,274.0
2016-08-29,173.0,1140.0,266.0
2016-08-30,167.0,1140.0,265.0
2016-08-31,159.0,1140.0,263.0
2016-09-01,152.0,1140.0,255.0
2016-09-02,152.0,1140.0,256.0
2016-09-03,150.0,1140.0,260.0
2016-09-04,173.0,1140.0,296.0
2016-09-05,209.0,1140.0,359.0
2016-09-06,261.0,1140.0,394.0
2016-09-07,311.0,1140.0,368.0
2016-09-08,333.0,1150.0,339.0
2016-09-09,361.0,1150.0,331.0
2016-09-10,387.0,1130.0,324.0
2016-09-11,401.0,1130.0,322.0
2016-09-12,396.0,1140.0,349.0
2016-09-13,399.0,1140.0,372.0
2016-09-14,411.0,1140.0,382.0
2016-09-15,465.0,1140.0,398.0
2016-09-16,541.0,1140.0,377.0
2016-09-17,584.0,1130.0,363.0
2016-09-18,583.0,1130.0,354.0
2016-09-19,567.0,1130.0,355.0
2016-09-20,552.0,1130.0,356.0
2016-09-21,563.0,1130.0,371.0
2016-09-22,657.0,1140.0,470.0
2016-09-23,757.0,1140.0,512.0
2016-09-24,873.0,1140.0,502.0
2016-09-25,916.0,1140.0,472.0
2016-09-26,945.0,1140.0,445.0
2016-09-27,960.0,1140.0,438.0
2016-09-28,983.0,1140.0,415.0
2016-09-29,968.0,1140.0,401.0
2016-09-30,921.0,1130.0,396.0
2016-10-01,925.0,1130.0,395.0
2016-10-02,985.0,1130.0,411.0
2016-10-03,1080.0,1180.0,466.0
2016-10-04,1240.0,1360.0,575.0
2016-10-05,1310.0,1350.0,589.0
2016-10-06,1290.0,1340.0,569.0
2016-10-07,1280.0,1340.0,546.0
2016-10-08,1260.0,1330.0,530.0
2016-10-09,1220.0,1330.0,514.0
2016-10-10,1200.0,1330.0,510.0
2016-10-11,1200.0,1330.0,556.0
2016-10-12,1190.0,1320.0,627.0
2016-10-13,1190.0,1310.0,630.0
2016-10-14,1200.0,1300.0,643.0
2016-10-15,1200.0,1300.0,690.0
2016-10-16,1200.0,1300.0,733.0
2016-10-17,1230.0,1300.0,830.0
2016-10-18,1260.0,1300.0,817.0
2016-10-19,1310.0,1380.0,775.0
2016-10-20,1340.0,1430.0,751.0
2016-10-21,1320.0,1430.0,722.0
2016-10-22,1300.0,1440.0,707.0
2016-10-23,1280.0,1440.0,701.0
2016-10-24,1280.0,1430.0,689.0
2016-10-25,1300.0,1400.0,714.0
2016-10-26,1290.0,1320.0,855.0
2016-10-27,1290.0,1230.0,806.0
2016-10-28,1300.0,1140.0,810.0
2016-10-29,1320.0,1140.0,928.0
2016-10-30,1340.0,1150.0,1030.0
2016-10-31,1490.0,1150.0,1480.0
2016-11-01,1560.0,1220.0,1620.0
2016-11-02,1590.0,1400.0,1350.0
2016-11-03,1580.0,1560.0,1210.0
2016-11-04,1560.0,1560.0,1130.0
2016-11-05,1510.0,1560.0,1080.0
2016-11-06,1460.0,1560.0,1040.0
2016-11-07,1420.0,1490.0,1010.0
2016-11-08,1400.0,1460.0,984.0
2016-11-09,1380.0,1460.0,953.0
2016-11-10,1380.0,1530.0,955.0
2016-11-11,1360.0,1560.0,936.0
2016-11-12,1350.0,1540.0,922.0
2016-11-13,1340.0,1540.0,902.0
2016-11-14,1350.0,1530.0,884.0
2016-11-15,1370.0,1530.0,890.0
2016-11-16,1440.0,1520.0,971.0
2016-11-17,1530.0,1500.0,948.0
2016-11-18,1620.0,1490.0,869.0
2016-11-19,1550.0,1480.0,807.0
2016-11-20,1430.0,1480.0,864.0
2016-11-21,1420.0,1480.0,866.0
2016-11-22,1450.0,1480.0,847.0
2016-11-23,1450.0,1470.0,819.0
2016-11-24,1410.0,1480.0,821.0
2016-11-25,1390.0,1470.0,782.0
2016-11-26,1340.0,1470.0,800.0
2016-11-27,1280.0,1470.0,809.0
2016-11-28,1290.0,1470.0,800.0
2016-11-29,1320.0,1580.0,802.0
2016-11-30,1320.0,1660.0,745.0
2016-12-01,1260.0,1660.0,726.0
2016-12-02,1230.0,1700.0,783.0
2016-12-03,1190.0,1750.0,753.0
2016-12-04,1180.0,1810.0,750.0
2016-12-05,1150.0,1910.0,745.0
2016-12-06,962.0,1660.0,668.0
2016-12-07,576.0,1470.0,584.0
2016-12-08,449.0,1470.0,547.0
2016-12-09,529.0,1470.0,502.0
2016-12-10,625.0,1460.0,571.0
2016-12-11,681.0,1460.0,623.0
2016-12-12,720.0,1460.0,627.0
2016-12-13,726.0,1460.0,629.0
2016-12-14,710.0,1380.0,629.0
2016-12-15,724.0,1360.0,620.0
2016-12-16,700.0,1350.0,608.0
2016-12-17,696.0,1330.0,599.0
2016-12-18,750.0,1250.0,594.0
2016-12-19,757.0,1130.0,593.0
2016-12-20,767.0,1150.0,595.0
2016-12-21,765.0,1270.0,594.0
2016-12-22,743.0,1170.0,583.0
2016-12-23,748.0,1150.0,580.0
2016-12-24,774.0,1150.0,588.0
2016-12-25,761.0,1150.0,593.0
2016-12-26,739.0,1140.0,592.0
2016-12-27,768.0,1210.0,591.0
2016-12-28,765.0,1150.0,585.0
2016-12-29,767.0,1150.0,581.0
2016-12-30,799.0,1150.0,587.0
2016-12-31,800.0,1150.0,591.0
2017-01-01,835.0,1160.0,590.0
2017-01-02,822.0,1150.0,578.0
2017-01-03,740.0,1150.0,554.0
2017-01-04,743.0,1190.0,553.0
2017-01-05,767.0,1270.0,564.0
2017-01-06,835.0,1310.0,568.0
2017-01-07,821.0,1310.0,579.0
2017-01-08,841.0,1250.0,595.0
2017-01-09,839.0,1360.0,593.0
2017-01-10,830.0,1670.0,573.0
2017-01-11,837.0,1780.0,564.0
2017-01-12,847.0,1690.0,561.0
2017-01-13,848.0,1270.0,548.0
2017-01-14,849.0,1160.0,541.0
2017-01-15,851.0,1160.0,537.0
2017-01-16,857.0,1160.0,538.0
2017-01-17,872.0,1160.0,552.0
2017-01-18,890.0,1150.0,574.0
2017-01-19,914.0,1140.0,586.0
2017-01-20,931.0,1240.0,586.0
2017-01-21,919.0,1410.0,579.0
2017-01-22,901.0,1500.0,569.0
2017-01-23,896.0,1510.0,567.0
2017-01-24,923.0,1510.0,566.0
2017-01-25,938.0,1410.0,564.0
2017-01-26,930.0,1290.0,567.0
2017-01-27,938.0,1320.0,579.0
2017-01-28,976.0,1340.0,596.0
2017-01-29,981.0,1200.0,603.0
2017-01-30,959.0,1180.0,606.0
2017-01-31,940.0,1200.0,604.0
2017-02-01,920.0,1210.0,597.0
2017-02-02,902.0,1200.0,589.0
2017-02-03,911.0,1200.0,596.0
2017-02-04,1060.0,1290.0,630.0
2017-02-05,1070.0,1600.0,650.0
2017-02-06,1100.0,1700.0,662.0
2017-02-07,1090.0,1680.0,674.0
2017-02-08,1100.0,1590.0,675.0
2017-02-09,1130.0,1580.0,669.0
2017-02-10,1180.0,1710.0,657.0
2017-02-11,1200.0,1830.0,642.0
2017-02-12,1210.0,1720.0,636.0
2017-02-13,1200.0,1520.0,632.0
2017-02-14,1230.0,1470.0,644.0
2017-02-15,1260.0,1450.0,659.0
2017-02-16,1290.0,1450.0,674.0
2017-02-17,1340.0,1480.0,778.0
2017-02-18,1350.0,1500.0,806.0
2017-02-19,1380.0,1500.0,851.0
2017-02-20,1350.0,1500.0,860.0
2017-02-21,1330.0,1550.0,879.0
2017-02-22,1360.0,1600.0,957.0
2017-02-23,1300.0,1600.0,785.0
2017-02-24,1250.0,1520.0,733.0
2017-02-25,1220.0,1470.0,709.0
2017-02-26,1170.0,1380.0,673.0
2017-02-27,1150.0,1240.0,674.0
2017-02-28,1240.0,1200.0,664.0
2017-03-01,1270.0,1200.0,646.0
2017-03-02,1290.0,1260.0,654.0
2017-03-03,1220.0,1390.0,655.0
2017-03-04,1240.0,1460.0,680.0
2017-03-05,1250.0,1490.0,691.0
2017-03-06,1220.0,1490.0,688.0
2017-03-07,1160.0,1490.0,662.0
2017-03-08,1150.0,1490.0,664.0
2017-03-09,1220.0,1550.0,695.0
2017-03-10,1220.0,1640.0,694.0
2017-03-11,1250.0,1730.0,725.0
2017-03-12,1400.0,1830.0,748.0
2017-03-13,1490.0,1800.0,750.0
2017-03-14,1480.0,1760.0,759.0
2017-03-15,1560.0,1880.0,808.0
2017-03-16,1840.0,2060.0,875.0
2017-03-17,2390.0,1990.0,936.0
2017-03-18,2770.0,1720.0,912.0
2017-03-19,3120.0,1760.0,974.0
2017-03-20,3460.0,1630.0,1200.0
2017-03-21,4230.0,1490.0,1170.0
2017-03-22,4920.0,1490.0,1130.0
2017-03-23,4380.0,1490.0,1150.0
2017-03-24,4080.0,1480.0,1110.0
2017-03-25,3680.0,1480.0,1070.0
2017-03-26,3210.0,1480.0,1050.0
2017-03-27,2960.0,1530.0,1010.0
2017-03-28,2710.0,1560.0,984.0
2017-03-29,2510.0,1550.0,955.0
2017-03-30,2370.0,1620.0,1010.0
2017-03-31,2420.0,1740.0,1100.0
2017-04-01,2560.0,1730.0,1070.0
2017-04-02,2600.0,1670.0,1040.0
2017-04-03,2550.0,1610.0,1060.0
2017-04-04,2420.0,1610.0,1010.0
2017-04-05,2190.0,1610.0,979.0
2017-04-06,2040.0,1610.0,951.0
2017-04-07,2000.0,1580.0,946.0
2017-04-08,2010.0,1510.0,1040.0
2017-04-09,2170.0,1510.0,1150.0
2017-04-10,2210.0,1510.0,1110.0
2017-04-11,2110.0,1560.0,1070.0
2017-04-12,1960.0,1580.0,1060.0
2017-04-13,1870.0,1570.0,1040.0
2017-04-14,1970.0,1580.0,1190.0
2017-04-15,2080.0,1640.0,1350.0
2017-04-16,2090.0,1680.0,1290.0
2017-04-17,2050.0,1670.0,1240.0
2017-04-18,1990.0,1670.0,1260.0
2017-04-19,2010.0,1730.0,1270.0
2017-04-20,1990.0,1740.0,1270.0
2017-04-21,2030.0,1670.0,1300.0
2017-04-22,2060.0,1700.0,1300.0
2017-04-23,2010.0,1690.0,1270.0
2017-04-24,2030.0,1700.0,1360.0
2017-04-25,2070.0,1740.0,1420.0
2017-04-26,2210.0,1790.0,1480.0
2017-04-27,2290.0,1900.0,1500.0
2017-04-28,2270.0,2020.0,1530.0
2017-04-29,2200.0,2010.0,1450.0
2017-04-30,2170.0,2010.0,1390.0
2017-05-01,2040.0,1910.0,1380.0
2017-05-02,1910.0,1810.0,1310.0
2017-05-03,1760.0,1870.0,1290.0
2017-05-04,1620.0,2040.0,1260.0
2017-05-05,1570.0,2330.0,1310.0
2017-05-06,1640.0,2270.0,1750.0
2017-05-07,2270.0,2590.0,2470.0
2017-05-08,3770.0,3070.0,3070.0
2017-05-09,4910.0,3120.0,3180.0
2017-05-10,5540.0,3180.0,3010.0
2017-05-11,5570.0,3260.0,3020.0
2017-05-12,5570.0,3690.0,3420.0
2017-05-13,5940.0,4280.0,4160.0
2017-05-14,6890.0,3960.0,3910.0
2017-05-15,7260.0,3580.0,3180.0
2017-05-16,7010.0,3590.0,2760.0
2017-05-17,6610.0,3100.0,2670.0
2017-05-18,6530.0,2840.0,2630.0
2017-05-19,6120.0,2920.0,2300.0
2017-05-20,6080.0,2860.0,2100.0
2017-05-21,5820.0,2760.0,2000.0
2017-05-22,5480.0,2750.0,1940.0
2017-05-23,4960.0,2740.0,1950.0
2017-05-24,4580.0,3010.0,2370.0
2017-05-25,4820.0,3470.0,3230.0
2017-05-26,5450.0,3480.0,2940.0
2017-05-27,5660.0,3230.0,2440.0
2017-05-28,5520.0,3020.0,2130.0
2017-05-29,5370.0,3010.0,2200.0
2017-05-30,5250.0,3150.0,2420.0
2017-05-31,5370.0,3310.0,2710.0
2017-06-01,5830.0,3670.0,3180.0
2017-06-02,6480.0,3950.0,3500.0
2017-06-03,7060.0,4100.0,3820.0
2017-06-04,7570.0,4000.0,3810.0
2017-06-05,7910.0,4300.0,4230.0
2017-06-06,8580.0,4520.0,4360.0
2017-06-07,9190.0,4350.0,3910.0
2017-06-08,8520.0,3980.0,3920.0
2017-06-09,8120.0,3900.0,3980.0
2017-06-10,7770.0,3880.0,3540.0
2017-06-11,7110.0,3150.0,2940.0
2017-06-12,6310.0,2860.0,2560.0
2017-06-13,6250.0,4000.0,3070.0
2017-06-14,7340.0,4100.0,2970.0
2017-06-15,8650.0,3530.0,2650.0
2017-06-16,9210.0,3220.0,2480.0
2017-06-17,9790.0,3230.0,2710.0
2017-06-18,7720.0,3230.0,2620.0
2017-06-19,6380.0,3220.0,2440.0
2017-06-20,5620.0,3100.0,2340.0
2017-06-21,5090.0,3060.0,2460.0
2017-06-22,4700.0,3070.0,2400.0
2017-06-23,4210.0,3070.0,2030.0
2017-06-24,3810.0,2960.0,1730.0
2017-06-25,3510.0,2550.0,1580.0
2017-06-26,3270.0,2270.0,1430.0
2017-06-27,3030.0,2430.0,1370.0
2017-06-28,2950.0,2420.0,1450.0
2017-06-29,3090.0,2430.0,1390.0
2017-06-30,3240.0,2420.0,1340.0
2017-07-01,3110.0,2340.0,1150.0
2017-07-02,2930.0,2230.0,1060.0
2017-07-03,2670.0,2080.0,1000.0
2017-07-04,2360.0,2040.0,916.0
2017-07-05,2140.0,2120.0,840.0
2017-07-06,1900.0,1910.0,797.0
2017-07-07,1730.0,1910.0,701.0
2017-07-08,1610.0,2120.0,638.0
2017-07-09,1490.0,2280.0,593.0
2017-07-10,1410.0,2100.0,575.0
2017-07-11,1410.0,1850.0,565.0
2017-07-12,1450.0,1910.0,530.0
2017-07-13,1350.0,1800.0,465.0
2017-07-14,1230.0,1720.0,397.0
2017-07-15,1110.0,2030.0,353.0
2017-07-16,1010.0,1680.0,332.0
2017-07-17,953.0,1840.0,337.0
2017-07-18,869.0,1750.0,315.0
2017-07-19,807.0,1610.0,305.0
2017-07-20,736.0,1570.0,291.0
2017-07-21,655.0,1560.0,274.0
2017-07-22,601.0,1790.0,255.0
2017-07-23,555.0,1620.0,247.0
2017-07-24,513.0,1570.0,262.0
2017-07-25,479.0,1890.0,298.0
2017-07-26,458.0,1660.0,320.0
2017-07-27,423.0,1550.0,326.0
2017-07-28,400.0,1550.0,346.0
2017-07-29,397.0,1590.0,350.0
2017-07-30,401.0,1580.0,333.0
2017-07-31,413.0,1560.0,329.0
2017-08-01,400.0,1550.0,318.0
2017-08-02,386.0,1440.0,310.0
2017-08-03,377.0,1520.0,317.0
2017-08-04,371.0,1520.0,320.0
2017-08-05,352.0,1310.0,326.0
2017-08-06,333.0,1280.0,329.0
2017-08-07,333.0,1520.0,335.0
2017-08-08,327.0,1570.0,317.0
2017-08-09,328.0,1530.0,307.0
2017-08-10,323.0,1500.0,316.0
2017-08-11,327.0,1440.0,313.0
2017-08-12,327.0,1420.0,296.0
2017-08-13,331.0,1400.0,304.0
2017-08-14,331.0,1370.0,332.0
2017-08-15,339.0,1430.0,365.0
2017-08-16,342.0,1470.0,354.0
2017-08-17,332.0,1480.0,321.0
2017-08-18,324.0,1470.0,306.0
2017-08-19,309.0,1470.0,291.0
2017-08-20,303.0,1410.0,288.0
2017-08-21,292.0,1280.0,298.0
2017-08-22,276.0,1230.0,301.0
2017-08-23,275.0,1230.0,295.0
2017-08-24,270.0,1280.0,293.0
2017-08-25,270.0,1420.0,295.0
2017-08-26,273.0,1470.0,309.0
2017-08-27,270.0,1470.0,314.0
2017-08-28,269.0,1470.0,314.0
2017-08-29,271.0,1470.0,301.0
2017-08-30,257.0,1470.0,290.0
2017-08-31,232.0,1410.0,286.0
2017-09-01,225.0,1380.0,282.0
2017-09-02,221.0,1370.0,282.0
2017-09-03,220.0,1350.0,286.0
2017-09-04,222.0,1250.0,289.0
2017-09-05,230.0,1180.0,307.0
2017-09-06,239.0,1180.0,313.0
2017-09-07,240.0,1270.0,311.0
2017-09-08,255.0,1400.0,310.0
2017-09-09,255.0,1390.0,308.0
2017-09-10,260.0,1280.0,320.0
2017-09-11,271.0,1260.0,322.0
2017-09-12,282.0,1300.0,334.0
2017-09-13,297.0,1300.0,366.0
2017-09-14,321.0,1300.0,421.0
2017-09-15,439.0,1460.0,531.0
2017-09-16,669.0,1460.0,656.0
2017-09-17,966.0,1460.0,645.0
2017-09-18,1080.0,1450.0,639.0
2017-09-19,1130.0,1450.0,727.0
2017-09-20,1190.0,1450.0,793.0
2017-09-21,1230.0,1460.0,738.0
2017-09-22,1300.0,1490.0,761.0
2017-09-23,1400.0,1470.0,729.0
2017-09-24,1430.0,1470.0,706.0
2017-09-25,1390.0,1460.0,680.0
2017-09-26,1350.0,1460.0,662.0
2017-09-27,1300.0,1460.0,650.0
2017-09-28,1260.0,1460.0,636.0
2017-09-29,1270.0,1460.0,615.0
2017-09-30,1280.0,1450.0,610.0
2017-10-01,1300.0,1450.0,651.0
2017-10-02,1390.0,1470.0,670.0
2017-10-03,1390.0,1490.0,699.0
2017-10-04,1390.0,1490.0,697.0
2017-10-05,1400.0,1540.0,700.0
2017-10-06,1410.0,1550.0,692.0
2017-10-07,1410.0,1590.0,668.0
2017-10-08,1390.0,1610.0,658.0
2017-10-09,1380.0,1610.0,673.0
2017-10-10,1380.0,1580.0,663.0
2017-10-11,1380.0,1570.0,662.0
2017-10-12,1370.0,1570.0,699.0
2017-10-13,1390.0,1550.0,706.0
2017-10-14,1380.0,1470.0,691.0
2017-10-15,1370.0,1460.0,676.0
2017-10-16,1390.0,1490.0,670.0
2017-10-17,1380.0,1510.0,666.0
2017-10-18,1350.0,1500.0,669.0
2017-10-19,1330.0,1500.0,678.0
2017-10-20,1350.0,1520.0,675.0
2017-10-21,1330.0,1520.0,700.0
2017-10-22,1330.0,1490.0,698.0
2017-10-23,1330.0,1450.0,695.0
2017-10-24,1380.0,1440.0,689.0
2017-10-25,1430.0,1440.0,679.0
2017-10-26,1450.0,1450.0,699.0
2017-10-27,1430.0,1470.0,709.0
2017-10-28,1420.0,1480.0,698.0
2017-10-29,1420.0,1490.0,698.0
2017-10-30,1400.0,1490.0,696.0
2017-10-31,1390.0,1510.0,705.0
2017-11-01,1390.0,1520.0,798.0
2017-11-02,1390.0,1560.0,885.0
2017-11-03,1500.0,1570.0,882.0
2017-11-04,1510.0,1630.0,866.0
2017-11-05,1490.0,1820.0,820.0
2017-11-06,1430.0,1910.0,815.0
2017-11-07,1400.0,1890.0,742.0
2017-11-08,1360.0,1880.0,764.0
2017-11-09,1330.0,1800.0,768.0
2017-11-10,1330.0,1670.0,824.0
2017-11-11,1480.0,1640.0,864.0
2017-11-12,1510.0,1580.0,842.0
2017-11-13,1530.0,1540.0,809.0
2017-11-14,1490.0,1550.0,821.0
2017-11-15,1490.0,1540.0,807.0
2017-11-16,1510.0,1540.0,798.0
2017-11-17,1450.0,1550.0,854.0
2017-11-18,1420.0,1540.0,815.0
2017-11-19,1420.0,1530.0,764.0
2017-11-20,1420.0,1490.0,790.0
2017-11-21,1430.0,1490.0,823.0
2017-11-22,1490.0,1480.0,850.0
2017-11-23,1570.0,1540.0,942.0
2017-11-24,1650.0,1610.0,1080.0
2017-11-25,1790.0,1600.0,1060.0
2017-11-26,1960.0,1600.0,978.0
2017-11-27,2060.0,1550.0,979.0
2017-11-28,2070.0,1530.0,1080.0
2017-11-29,1960.0,1570.0,960.0
2017-11-30,1810.0,1490.0,904.0
2017-12-01,1690.0,1460.0,880.0
2017-12-02,1550.0,1460.0,915.0
2017-12-03,1590.0,1460.0,919.0
2017-12-04,1640.0,1530.0,920.0
2017-12-05,1470.0,1550.0,832.0
2017-12-06,1310.0,1550.0,766.0
2017-12-07,1220.0,1550.0,756.0
2017-12-08,1120.0,1540.0,764.0
2017-12-09,1110.0,1510.0,766.0
2017-12-10,1140.0,1490.0,745.0
2017-12-11,1150.0,1450.0,698.0
2017-12-12,1180.0,1450.0,665.0
2017-12-13,1220.0,1480.0,680.0
2017-12-14,1270.0,1500.0,702.0
2017-12-15,1350.0,1500.0,697.0
2017-12-16,1380.0,1550.0,699.0
2017-12-17,1390.0,1580.0,702.0
2017-12-18,1380.0,1520.0,705.0
2017-12-19,1320.0,1500.0,730.0
2017-12-20,1310.0,1510.0,732.0
2017-12-21,1310.0,1480.0,724.0
2017-12-22,1270.0,1420.0,708.0
2017-12-23,1250.0,1410.0,654.0
2017-12-24,1070.0,1330.0,583.0
2017-12-25,971.0,1190.0,553.0
2017-12-26,1020.0,1150.0,570.0
2017-12-27,1090.0,1180.0,591.0
2017-12-28,1200.0,1490.0,611.0
2017-12-29,1220.0,1850.0,644.0
2017-12-30,1220.0,1730.0,689.0
2017-12-31,1220.0,1650.0,712.0
2018-01-01,1200.0,1630.0,720.0
2018-01-02,1190.0,1400.0,732.0
2018-01-03,1240.0,1140.0,744.0
2018-01-04,1270.0,1260.0,750.0
2018-01-05,1270.0,1440.0,753.0
2018-01-06,1280.0,1630.0,755.0
2018-01-07,1290.0,1680.0,759.0
2018-01-08,1300.0,1650.0,770.0
2018-01-09,1300.0,1650.0,750.0
2018-01-10,1310.0,1720.0,763.0
2018-01-11,1320.0,1820.0,747.0
2018-01-12,1370.0,1770.0,737.0
2018-01-13,1410.0,1680.0,738.0
2018-01-14,1410.0,1640.0,737.0
2018-01-15,1380.0,1570.0,730.0
2018-01-16,1360.0,1550.0,702.0
2018-01-17,1320.0,1530.0,659.0
2018-01-18,1290.0,1460.0,693.0
2018-01-19,1300.0,1540.0,788.0
2018-01-20,1300.0,1710.0,747.0
2018-01-21,1150.0,1640.0,719.0
2018-01-22,1150.0,1410.0,677.0
2018-01-23,1150.0,1180.0,678.0
2018-01-24,1150.0,1290.0,689.0
2018-01-25,1160.0,1450.0,697.0
2018-01-26,1160.0,1450.0,687.0
2018-01-27,1160.0,1450.0,666.0
2018-01-28,1170.0,1460.0,670.0
2018-01-29,1170.0,1670.0,684.0
2018-01-30,1180.0,1720.0,727.0
2018-01-31,1190.0,1570.0,715.0
2018-02-01,1170.0,1480.0,687.0
2018-02-02,1170.0,1450.0,696.0
2018-02-03,1200.0,1510.0,780.0
2018-02-04,1300.0,1540.0,781.0
2018-02-05,1420.0,1550.0,753.0
2018-02-06,1410.0,1630.0,745.0
2018-02-07,1390.0,1720.0,726.0
2018-02-08,1410.0,1640.0,781.0
2018-02-09,1470.0,1330.0,799.0
2018-02-10,1490.0,1270.0,707.0
2018-02-11,1350.0,1460.0,743.0
2018-02-12,1250.0,1380.0,613.0
2018-02-13,1200.0,1180.0,619.0
2018-02-14,1290.0,1290.0,686.0
2018-02-15,1380.0,1510.0,709.0
2018-02-16,1420.0,1670.0,712.0
2018-02-17,1300.0,1630.0,661.0
2018-02-18,1230.0,1490.0,670.0
2018-02-19,999.0,1170.0,599.0
2018-02-20,707.0,1150.0,535.0
2018-02-21,686.0,1260.0,553.0
2018-02-22,700.0,1400.0,558.0
2018-02-23,777.0,1520.0,564.0
2018-02-24,898.0,1570.0,582.0
2018-02-25,1000.0,1560.0,587.0
2018-02-26,1040.0,1490.0,591.0
2018-02-27,1050.0,1480.0,589.0
2018-02-28,1080.0,1710.0,600.0
2018-03-01,1110.0,1770.0,603.0
2018-03-02,1160.0,1610.0,613.0
2018-03-03,1200.0,1580.0,612.0
2018-03-04,1190.0,1690.0,617.0
2018-03-05,1250.0,1730.0,607.0
2018-03-06,1300.0,1660.0,607.0
2018-03-07,1360.0,1660.0,600.0
2018-03-08,1390.0,1660.0,609.0
2018-03-09,1430.0,1650.0,700.0
2018-03-10,1460.0,1660.0,809.0
2018-03-11,1510.0,1660.0,734.0
2018-03-12,1550.0,1650.0,713.0
2018-03-13,1610.0,1640.0,775.0
2018-03-14,1690.0,1570.0,804.0
2018-03-15,1740.0,1670.0,1090.0
2018-03-16,1640.0,1740.0,1210.0
2018-03-17,1580.0,1740.0,978.0
2018-03-18,1520.0,1700.0,871.0
2018-03-19,1460.0,1650.0,885.0
2018-03-20,1400.0,1650.0,894.0
2018-03-21,1390.0,1650.0,899.0
2018-03-22,1400.0,1710.0,964.0
2018-03-23,1460.0,1900.0,1380.0
2018-03-24,1560.0,2190.0,1510.0
2018-03-25,1660.0,1850.0,1280.0
2018-03-26,1590.0,1590.0,1070.0
2018-03-27,1490.0,1650.0,989.0
2018-03-28,1470.0,1700.0,1010.0
2018-03-29,1460.0,1700.0,1040.0
2018-03-30,1470.0,1700.0,1000.0
2018-03-31,1480.0,1610.0,1020.0
2018-04-01,1530.0,1570.0,959.0
2018-04-02,1620.0,1720.0,1020.0
2018-04-03,1730.0,1830.0,931.0
2018-04-04,1770.0,1800.0,955.0
2018-04-05,1690.0,1750.0,996.0
2018-04-06,1710.0,1700.0,996.0
2018-04-07,1820.0,1740.0,994.0
2018-04-08,2150.0,1860.0,1140.0
2018-04-09,2320.0,1910.0,1160.0
2018-04-10,2370.0,1960.0,1100.0
2018-04-11,2430.0,1930.0,1130.0
2018-04-12,2460.0,1940.0,1360.0
2018-04-13,2800.0,2180.0,1490.0
2018-04-14,2630.0,2030.0,1360.0
2018-04-15,2270.0,1810.0,1290.0
2018-04-16,2290.0,1870.0,1310.0
2018-04-17,2550.0,1830.0,1550.0
2018-04-18,2640.0,1750.0,1450.0
2018-04-19,2380.0,1700.0,1360.0
2018-04-20,2180.0,1700.0,1360.0
2018-04-21,2300.0,1870.0,1470.0
2018-04-22,2770.0,2030.0,1700.0
2018-04-23,3520.0,2250.0,2350.0
2018-04-24,4000.0,2240.0,2610.0
2018-04-25,3930.0,2200.0,2190.0
2018-04-26,3610.0,2200.0,2070.0
2018-04-27,3580.0,2210.0,2200.0
2018-04-28,3970.0,2220.0,2640.0
2018-04-29,4590.0,2250.0,3300.0
2018-04-30,5500.0,2390.0,3540.0
2018-05-01,6000.0,2600.0,3400.0
2018-05-02,6180.0,2870.0,3100.0
2018-05-03,5580.0,2580.0,2800.0
2018-05-04,5050.0,2460.0,2780.0
2018-05-05,5010.0,2480.0,3030.0
2018-05-06,5360.0,2980.0,3440.0
2018-05-07,5890.0,3340.0,4060.0
2018-05-08,6830.0,3860.0,4620.0
2018-05-09,7910.0,3870.0,5040.0
2018-05-10,8970.0,3630.0,5510.0
2018-05-11,9990.0,3680.0,5820.0
2018-05-12,10900.0,3380.0,5490.0
2018-05-13,11000.0,3020.0,4850.0
2018-05-14,10300.0,3090.0,4460.0
2018-05-15,9580.0,3200.0,4140.0
2018-05-16,9000.0,3160.0,4320.0
2018-05-17,8780.0,3240.0,4840.0
2018-05-18,9080.0,3390.0,5080.0
2018-05-19,9860.0,3880.0,5040.0
2018-05-20,10500.0,3760.0,4920.0
2018-05-21,10700.0,3810.0,5090.0
2018-05-22,11200.0,4190.0,5300.0
2018-05-23,11100.0,4540.0,5850.0
2018-05-24,11700.0,5210.0,6740.0
2018-05-25,12200.0,5580.0,6610.0
2018-05-26,12700.0,5460.0,6680.0
2018-05-27,13200.0,5840.0,6760.0
2018-05-28,13400.0,6280.0,6670.0
2018-05-29,13400.0,5960.0,6690.0
2018-05-30,13200.0,5730.0,6660.0
2018-05-31,13200.0,5440.0,6390.0
2018-06-01,13100.0,5880.0,6710.0
2018-06-02,13500.0,5690.0,6780.0
2018-06-03,14100.0,4990.0,5760.0
2018-06-04,13500.0,4680.0,5410.0
2018-06-05,12200.0,4750.0,5670.0
2018-06-06,10500.0,4810.0,5670.0
2018-06-07,9250.0,4620.0,5460.0
2018-06-08,8660.0,4290.0,5370.0
2018-06-09,8670.0,3990.0,5070.0
2018-06-10,8390.0,3760.0,5020.0
2018-06-11,8390.0,3340.0,4410.0
2018-06-12,8270.0,3050.0,3700.0
2018-06-13,7600.0,2600.0,3130.0
2018-06-14,6790.0,2190.0,2890.0
2018-06-15,5730.0,2330.0,2860.0
2018-06-16,5350.0,2670.0,2810.0
2018-06-17,5890.0,2800.0,2870.0
2018-06-18,7220.0,3430.0,3440.0
2018-06-19,8610.0,3970.0,3980.0
2018-06-20,10900.0,4110.0,3780.0
2018-06-21,12400.0,4000.0,3410.0
2018-06-22,12600.0,4270.0,3520.0
2018-06-23,11600.0,4060.0,3450.0
2018-06-24,10400.0,4040.0,3350.0
2018-06-25,10000.0,3420.0,3040.0
2018-06-26,9470.0,2910.0,2910.0
2018-06-27,8330.0,2710.0,2750.0
2018-06-28,7380.0,2530.0,2550.0
2018-06-29,6950.0,2890.0,2730.0
2018-06-30,6860.0,2330.0,2810.0
2018-07-01,6430.0,2340.0,2370.0
2018-07-02,5990.0,2120.0,2170.0
2018-07-03,5490.0,2220.0,2060.0
2018-07-04,5030.0,2240.0,1870.0
2018-07-05,4670.0,2380.0,1700.0
2018-07-06,4250.0,2260.0,1510.0
2018-07-07,3830.0,2030.0,1390.0
2018-07-08,3430.0,2200.0,1310.0
2018-07-09,3140.0,2130.0,1260.0
2018-07-10,2860.0,2010.0,1200.0
2018-07-11,2680.0,1850.0,1150.0
2018-07-12,2440.0,1930.0,1060.0
2018-07-13,2220.0,2170.0,950.0
2018-07-14,1990.0,2100.0,862.0
2018-07-15,1770.0,1980.0,800.0
2018-07-16,1640.0,2060.0,742.0
2018-07-17,1570.0,2110.0,670.0
2018-07-18,1540.0,2120.0,608.0
2018-07-19,1480.0,1920.0,556.0
2018-07-20,1380.0,1960.0,526.0
2018-07-21,1240.0,1750.0,496.0
2018-07-22,1090.0,1970.0,486.0
2018-07-23,1000.0,1780.0,473.0
2018-07-24,919.0,1780.0,439.0
2018-07-25,850.0,1830.0,409.0
2018-07-26,802.0,1850.0,392.0
2018-07-27,766.0,1780.0,373.0
2018-07-28,751.0,1650.0,383.0
2018-07-29,721.0,1650.0,373.0
2018-07-30,681.0,1690.0,372.0
2018-07-31,650.0,1590.0,375.0
2018-08-01,634.0,1690.0,389.0
2018-08-02,625.0,1860.0,402.0
2018-08-03,615.0,1740.0,414.0
2018-08-04,600.0,1600.0,437.0
2018-08-05,593.0,1700.0,435.0
2018-08-06,605.0,1780.0,460.0
2018-08-07,600.0,1710.0,455.0
2018-08-08,569.0,1670.0,426.0
2018-08-09,524.0,1670.0,412.0
2018-08-10,505.0,1600.0,388.0
2018-08-11,487.0,1590.0,389.0
2018-08-12,479.0,1550.0,392.0
2018-08-13,483.0,1530.0,400.0
2018-08-14,492.0,1530.0,393.0
2018-08-15,491.0,1530.0,394.0
2018-08-16,487.0,1530.0,386.0
2018-08-17,495.0,1530.0,386.0
2018-08-18,510.0,1520.0,403.0
2018-08-19,519.0,1520.0,418.0
2018-08-20,538.0,1530.0,419.0
2018-08-21,585.0,1670.0,468.0
2018-08-22,686.0,1580.0,526.0
2018-08-23,797.0,1650.0,501.0
2018-08-24,860.0,1560.0,472.0
2018-08-25,867.0,1520.0,471.0
2018-08-26,863.0,1540.0,463.0
2018-08-27,959.0,1710.0,550.0
2018-08-28,1040.0,1790.0,635.0
2018-08-29,1130.0,1720.0,588.0
2018-08-30,1150.0,1580.0,559.0
2018-08-31,1130.0,1520.0,558.0
2018-09-01,1070.0,1520.0,547.0
2018-09-02,1030.0,1510.0,534.0
2018-09-03,1000.0,1540.0,525.0
2018-09-04,976.0,1600.0,508.0
2018-09-05,934.0,1590.0,504.0
2018-09-06,894.0,1590.0,498.0
2018-09-07,839.0,1590.0,482.0
2018-09-08,800.0,1590.0,461.0
2018-09-09,763.0,1580.0,453.0
2018-09-10,731.0,1560.0,454.0
2018-09-11,722.0,1450.0,437.0
2018-09-12,714.0,1310.0,440.0
2018-09-13,735.0,1300.0,464.0
2018-09-14,725.0,1330.0,483.0
2018-09-15,748.0,1370.0,487.0
2018-09-16,808.0,1460.0,522.0
2018-09-17,840.0,1520.0,534.0
2018-09-18,831.0,1500.0,516.0
2018-09-19,810.0,1500.0,508.0
2018-09-20,859.0,1490.0,528.0
2018-09-21,933.0,1490.0,541.0
2018-09-22,975.0,1430.0,540.0
2018-09-23,1000.0,1340.0,541.0
2018-09-24,1040.0,1250.0,564.0
2018-09-25,1090.0,1260.0,583.0
2018-09-26,1160.0,1380.0,593.0
2018-09-27,1230.0,1520.0,589.0
2018-09-28,1290.0,1510.0,588.0
2018-09-29,1310.0,1580.0,598.0
2018-09-30,1370.0,1340.0,613.0
2018-10-01,1490.0,1350.0,638.0
2018-10-02,1620.0,1330.0,681.0
2018-10-03,1660.0,1360.0,678.0
2018-10-04,1600.0,1440.0,687.0
2018-10-05,1600.0,1750.0,833.0
2018-10-06,1620.0,1660.0,835.0
2018-10-07,1580.0,1500.0,797.0
2018-10-08,1540.0,1500.0,801.0
2018-10-09,1550.0,1500.0,789.0
2018-10-10,1610.0,1500.0,788.0
2018-10-11,1620.0,1500.0,810.0
2018-10-12,1680.0,1490.0,834.0
2018-10-13,1740.0,1500.0,838.0
2018-10-14,1760.0,1490.0,863.0
2018-10-15,1760.0,1490.0,852.0
2018-10-16,1750.0,1490.0,876.0
2018-10-17,1710.0,1490.0,899.0
2018-10-18,1710.0,1490.0,886.0
2018-10-19,1700.0,1490.0,874.0
2018-10-20,1680.0,1490.0,854.0
2018-10-21,1670.0,1490.0,854.0
2018-10-22,1670.0,1510.0,866.0
2018-10-23,1670.0,1520.0,862.0
2018-10-24,1680.0,1520.0,863.0
2018-10-25,1670.0,1520.0,863.0
2018-10-26,1650.0,1490.0,856.0
2018-10-27,1650.0,1510.0,865.0
2018-10-28,1660.0,1550.0,941.0
2018-10-29,1710.0,1610.0,954.0
2018-10-30,1740.0,1630.0,969.0
2018-10-31,1780.0,1600.0,947.0
2018-11-01,1790.0,1570.0,935.0
2018-11-02,1780.0,1500.0,1010.0
2018-11-03,1760.0,1500.0,1040.0
2018-11-04,1770.0,1570.0,1020.0
2018-11-05,1790.0,1620.0,1020.0
2018-11-06,1810.0,1650.0,1030.0
2018-11-07,1800.0,1650.0,1010.0
2018-11-08,1770.0,1640.0,975.0
2018-11-09,1710.0,1660.0,914.0
2018-11-10,1640.0,1720.0,928.0
2018-11-11,1580.0,1770.0,958.0
2018-11-12,1570.0,1770.0,902.0
2018-11-13,1480.0,1640.0,858.0
2018-11-14,1450.0,1660.0,908.0
2018-11-15,1510.0,1680.0,943.0
2018-11-16,1600.0,1590.0,960.0
2018-11-17,1670.0,1520.0,970.0
2018-11-18,1570.0,1470.0,893.0
2018-11-19,1550.0,1450.0,914.0
2018-11-20,1510.0,1510.0,954.0
2018-11-21,1540.0,1540.0,919.0
2018-11-22,1590.0,1540.0,921.0
2018-11-23,1560.0,1540.0,939.0
2018-11-24,1600.0,1560.0,960.0
2018-11-25,1610.0,1590.0,936.0
2018-11-26,1480.0,1580.0,882.0
2018-11-27,1490.0,1560.0,906.0
2018-11-28,1510.0,1580.0,947.0
2018-11-29,1590.0,1580.0,939.0
2018-11-30,1560.0,1570.0,905.0
2018-12-01,1510.0,1570.0,912.0
2018-12-02,1430.0,1570.0,882.0
2018-12-03,1300.0,1550.0,807.0
2018-12-04,1250.0,1500.0,810.0
2018-12-05,1110.0,1320.0,790.0
2018-12-06,1010.0,1150.0,744.0
2018-12-07,922.0,1180.0,693.0
2018-12-08,958.0,1510.0,693.0
2018-12-09,1080.0,1640.0,736.0
2018-12-10,1180.0,1510.0,731.0
2018-12-11,1220.0,1490.0,760.0
2018-12-12,1240.0,1490.0,764.0
2018-12-13,1300.0,1520.0,750.0
2018-12-14,1310.0,1440.0,719.0
2018-12-15,1300.0,1470.0,744.0
2018-12-16,1340.0,1530.0,754.0
2018-12-17,1360.0,1680.0,771.0
2018-12-18,1380.0,1750.0,796.0
2018-12-19,1370.0,1750.0,822.0
2018-12-20,1380.0,1690.0,820.0
2018-12-21,1380.0,1560.0,801.0
2018-12-22,1320.0,1490.0,784.0
2018-12-23,1390.0,1410.0,732.0
2018-12-24,1340.0,1190.0,738.0
2018-12-25,1310.0,1350.0,752.0
2018-12-26,1310.0,1620.0,759.0
2018-12-27,1290.0,1570.0,742.0
2018-12-28,1290.0,1490.0,739.0
2018-12-29,1350.0,1420.0,714.0
2018-12-30,1310.0,1250.0,701.0
2018-12-31,1180.0,1170.0,670.0
2019-01-01,1070.0,1160.0,549.0
2019-01-02,1110.0,1160.0,629.0
2019-01-03,1220.0,1220.0,662.0
2019-01-04,1380.0,1340.0,705.0
2019-01-05,1380.0,1760.0,734.0
2019-01-06,1320.0,2000.0,739.0
2019-01-07,1310.0,1700.0,724.0
2019-01-08,1330.0,1430.0,709.0
2019-01-09,1330.0,1320.0,701.0
2019-01-10,1360.0,1750.0,727.0
2019-01-11,1370.0,1950.0,727.0
2019-01-12,1320.0,1780.0,705.0
2019-01-13,1260.0,1300.0,678.0
2019-01-14,1260.0,1280.0,693.0
2019-01-15,1250.0,1530.0,708.0
2019-01-16,1290.0,1520.0,708.0
2019-01-17,1420.0,1520.0,722.0
2019-01-18,1380.0,1530.0,741.0
2019-01-19,1330.0,1590.0,740.0
2019-01-20,1330.0,2070.0,740.0
2019-01-21,1310.0,2120.0,733.0
2019-01-22,1310.0,1660.0,703.0
2019-01-23,1360.0,1370.0,689.0
2019-01-24,1400.0,1240.0,681.0
2019-01-25,1360.0,1260.0,673.0
2019-01-26,1320.0,1470.0,673.0
2019-01-27,1320.0,1620.0,675.0
2019-01-28,1350.0,1460.0,660.0
2019-01-29,1350.0,1270.0,607.0
2019-01-30,1380.0,1200.0,609.0
2019-01-31,1330.0,1180.0,621.0
2019-02-01,1320.0,1300.0,628.0
2019-02-02,1310.0,1720.0,636.0
2019-02-03,1320.0,1640.0,629.0
2019-02-04,1210.0,1140.0,592.0
2019-02-05,1010.0,1140.0,571.0
2019-02-06,834.0,1140.0,487.0
2019-02-07,756.0,1140.0,497.0
2019-02-08,764.0,1140.0,544.0
2019-02-09,784.0,1150.0,571.0
2019-02-10,809.0,1140.0,578.0
2019-02-11,849.0,1290.0,580.0
2019-02-12,922.0,1390.0,594.0
2019-02-13,991.0,1240.0,609.0
2019-02-14,1020.0,1410.0,627.0
2019-02-15,1040.0,1530.0,623.0
2019-02-16,1040.0,1590.0,611.0
2019-02-17,995.0,1610.0,575.0
2019-02-18,965.0,1230.0,540.0
2019-02-19,970.0,1150.0,518.0
2019-02-20,1020.0,1150.0,534.0
2019-02-21,1020.0,1360.0,536.0
2019-02-22,1010.0,1470.0,511.0
2019-02-23,1020.0,1380.0,519.0
2019-02-24,1040.0,1140.0,519.0
2019-02-25,1000.0,1140.0,491.0
2019-02-26,1010.0,1140.0,520.0
2019-02-27,1020.0,1130.0,546.0
2019-02-28,1030.0,1130.0,563.0
2019-03-01,995.0,1280.0,563.0
2019-03-02,976.0,1410.0,566.0
2019-03-03,1010.0,1260.0,552.0
2019-03-04,1000.0,1190.0,541.0
2019-03-05,982.0,1140.0,564.0
2019-03-06,1080.0,1140.0,613.0
2019-03-07,1240.0,1370.0,636.0
2019-03-08,1300.0,1570.0,633.0
2019-03-09,1310.0,1660.0,626.0
2019-03-10,1310.0,1660.0,625.0
2019-03-11,1330.0,1670.0,632.0
2019-03-12,1330.0,1680.0,644.0
2019-03-13,1350.0,1620.0,638.0
2019-03-14,1360.0,1650.0,636.0
2019-03-15,1310.0,1670.0,640.0
2019-03-16,1340.0,1730.0,639.0
2019-03-17,1390.0,1730.0,644.0
2019-03-18,1420.0,1730.0,626.0
2019-03-19,1450.0,1700.0,664.0
2019-03-20,1520.0,1720.0,695.0
2019-03-21,1640.0,1770.0,707.0
2019-03-22,1710.0,1860.0,717.0
2019-03-23,1800.0,1820.0,715.0
2019-03-24,1860.0,1800.0,748.0
2019-03-25,1890.0,1800.0,848.0
2019-03-26,1950.0,1940.0,1080.0
2019-03-27,1970.0,2020.0,1270.0
2019-03-28,2020.0,1940.0,1410.0
2019-03-29,2060.0,1890.0,1140.0
2019-03-30,2000.0,1770.0,1110.0
2019-03-31,1990.0,1690.0,1210.0
2019-04-01,1970.0,1720.0,1340.0
2019-04-02,1950.0,1640.0,1390.0
2019-04-03,1960.0,1850.0,1370.0
2019-04-04,2060.0,1960.0,1540.0
2019-04-05,2120.0,2070.0,1550.0
2019-04-06,2220.0,2190.0,1550.0
2019-04-07,2320.0,2190.0,1460.0
2019-04-08,2370.0,2210.0,1530.0
2019-04-09,2680.0,2640.0,2030.0
2019-04-10,3450.0,2520.0,2230.0
2019-04-11,4630.0,2210.0,1760.0
2019-04-12,5080.0,2250.0,1540.0
2019-04-13,4350.0,2290.0,1390.0
2019-04-14,3780.0,2310.0,1310.0
2019-04-15,3380.0,2290.0,1320.0
2019-04-16,3160.0,2260.0,1290.0
2019-04-17,3010.0,2200.0,1230.0
2019-04-18,2970.0,2200.0,1190.0
2019-04-19,2960.0,2190.0,1250.0
2019-04-20,3410.0,2180.0,1570.0
2019-04-21,4730.0,2440.0,2390.0
2019-04-22,5430.0,2660.0,2700.0
2019-04-23,5630.0,2620.0,2370.0
2019-04-24,5480.0,2620.0,2290.0
2019-04-25,5400.0,2560.0,2350.0
2019-04-26,5240.0,2490.0,2320.0
2019-04-27,5000.0,2460.0,2470.0
2019-04-28,4620.0,2410.0,2290.0
2019-04-29,4230.0,2180.0,2020.0
2019-04-30,3790.0,2090.0,1900.0
2019-05-01,3520.0,2280.0,1760.0
2019-05-02,3220.0,2510.0,1630.0
2019-05-03,3070.0,2400.0,1520.0
2019-05-04,2910.0,2200.0,1440.0
2019-05-05,2910.0,2160.0,1420.0
2019-05-06,3000.0,2410.0,1490.0
2019-05-07,3080.0,2390.0,1610.0
2019-05-08,3290.0,2360.0,1740.0
2019-05-09,3530.0,2430.0,1740.0
2019-05-10,3560.0,2430.0,1660.0
2019-05-11,3380.0,2370.0,1580.0
2019-05-12,3260.0,2350.0,1680.0
2019-05-13,3410.0,2500.0,2050.0
2019-05-14,3880.0,2730.0,2490.0
2019-05-15,4480.0,3010.0,2880.0
2019-05-16,5160.0,3560.0,3490.0
2019-05-17,5960.0,3740.0,3970.0
2019-05-18,7040.0,3620.0,4070.0
2019-05-19,7940.0,2720.0,3440.0
2019-05-20,7620.0,2700.0,2960.0
2019-05-21,6880.0,2850.0,2620.0
2019-05-22,6230.0,2740.0,2350.0
2019-05-23,5500.0,2300.0,2100.0
2019-05-24,5020.0,2130.0,1940.0
2019-05-25,4630.0,2190.0,1830.0
2019-05-26,4510.0,2200.0,1790.0
2019-05-27,4790.0,2230.0,1950.0
2019-05-28,5270.0,2410.0,2110.0
2019-05-29,5470.0,2470.0,2320.0
2019-05-30,5230.0,2610.0,2480.0
2019-05-31,5030.0,2690.0,2710.0
2019-06-01,5020.0,2830.0,2900.0
2019-06-02,5200.0,2990.0,3090.0
2019-06-03,5350.0,3130.0,3480.0
2019-06-04,5520.0,3450.0,3970.0
2019-06-05,5640.0,3970.0,4380.0
2019-06-06,5640.0,4420.0,4530.0
2019-06-07,5840.0,4450.0,5180.0
2019-06-08,6080.0,4330.0,5150.0
2019-06-09,5790.0,3890.0,4070.0
2019-06-10,5310.0,3170.0,3330.0
2019-06-11,4790.0,2910.0,2890.0
2019-06-12,4130.0,2850.0,2820.0
2019-06-13,3880.0,3180.0,3320.0
2019-06-14,3940.0,3420.0,3850.0
2019-06-15,4040.0,3470.0,3840.0
2019-06-16,3920.0,3310.0,3890.0
2019-06-17,3680.0,3300.0,3830.0
2019-06-18,3540.0,3240.0,3570.0
2019-06-19,3550.0,3120.0,3420.0
2019-06-20,3350.0,3020.0,3300.0
2019-06-21,3160.0,2870.0,3140.0
2019-06-22,3090.0,2600.0,2770.0
2019-06-23,3130.0,2220.0,2480.0
2019-06-24,3070.0,2060.0,2280.0
2019-06-25,2810.0,2010.0,2120.0
2019-06-26,2550.0,1880.0,2020.0
2019-06-27,2430.0,1820.0,1990.0
2019-06-28,2360.0,1830.0,2110.0
2019-06-29,2340.0,1980.0,2100.0
2019-06-30,2250.0,2190.0,2010.0
2019-07-01,2160.0,2270.0,2000.0
2019-07-02,2060.0,2200.0,1920.0
2019-07-03,2040.0,1950.0,1960.0
2019-07-04,2140.0,2290.0,2000.0
2019-07-05,2110.0,2380.0,1900.0
2019-07-06,2040.0,2280.0,1690.0
2019-07-07,1950.0,2040.0,1610.0
2019-07-08,1880.0,2280.0,1630.0
2019-07-09,1810.0,2400.0,1560.0
2019-07-10,1800.0,2130.0,1410.0
2019-07-11,1780.0,1970.0,1280.0
2019-07-12,1650.0,2040.0,1250.0
2019-07-13,1640.0,2290.0,1270.0
2019-07-14,1610.0,2450.0,1380.0
2019-07-15,1580.0,2360.0,1320.0
2019-07-16,1560.0,2260.0,1300.0
2019-07-17,1710.0,2260.0,1350.0
2019-07-18,1730.0,2120.0,1240.0
2019-07-19,1630.0,1970.0,1130.0
2019-07-20,1490.0,1850.0,1040.0
2019-07-21,1360.0,1850.0,953.0
2019-07-22,1230.0,1860.0,866.0
2019-07-23,1120.0,1870.0,795.0
2019-07-24,1020.0,1950.0,688.0
2019-07-25,888.0,1960.0,623.0
2019-07-26,773.0,1890.0,558.0
2019-07-27,694.0,1760.0,521.0
2019-07-28,655.0,1870.0,512.0
2019-07-29,635.0,1860.0,496.0
2019-07-30,613.0,1910.0,463.0
2019-07-31,577.0,1930.0,429.0
2019-08-01,556.0,1950.0,415.0
2019-08-02,532.0,1870.0,451.0
2019-08-03,546.0,1840.0,480.0
2019-08-04,543.0,1780.0,448.0
2019-08-05,520.0,1790.0,426.0
2019-08-06,505.0,1780.0,393.0
2019-08-07,480.0,1740.0,377.0
2019-08-08,457.0,1760.0,366.0
2019-08-09,428.0,1770.0,376.0
2019-08-10,429.0,1770.0,420.0
2019-08-11,464.0,1860.0,439.0
2019-08-12,507.0,1920.0,459.0
2019-08-13,575.0,1850.0,445.0
2019-08-14,639.0,1720.0,430.0
2019-08-15,627.0,1600.0,421.0
2019-08-16,614.0,1560.0,420.0
2019-08-17,589.0,1580.0,422.0
2019-08-18,563.0,1720.0,432.0
2019-08-19,536.0,1730.0,431.0
2019-08-20,510.0,1720.0,415.0
2019-08-21,465.0,1690.0,408.0
2019-08-22,453.0,1690.0,396.0
2019-08-23,453.0,1680.0,415.0
2019-08-24,506.0,1680.0,426.0
2019-08-25,550.0,1680.0,428.0
2019-08-26,551.0,1640.0,427.0
2019-08-27,551.0,1630.0,413.0
2019-08-28,546.0,1620.0,413.0
2019-08-29,543.0,1570.0,404.0
2019-08-30,535.0,1520.0,415.0
2019-08-31,536.0,1490.0,412.0
2019-09-01,529.0,1490.0,415.0
2019-09-02,541.0,1480.0,410.0
2019-09-03,530.0,1470.0,398.0
2019-09-04,501.0,1440.0,395.0
2019-09-05,492.0,1430.0,383.0
2019-09-06,500.0,1460.0,407.0
2019-09-07,587.0,1580.0,506.0
2019-09-08,686.0,1600.0,525.0
2019-09-09,831.0,1760.0,626.0
2019-09-10,912.0,1840.0,673.0
2019-09-11,1040.0,1510.0,666.0
2019-09-12,1090.0,1450.0,705.0
2019-09-13,1100.0,1500.0,675.0
2019-09-14,1110.0,1520.0,648.0
2019-09-15,1090.0,1520.0,607.0
2019-09-16,1060.0,1480.0,588.0
2019-09-17,989.0,1470.0,595.0
2019-09-18,937.0,1470.0,624.0
2019-09-19,937.0,1470.0,612.0
2019-09-20,965.0,1470.0,636.0
2019-09-21,1030.0,1600.0,891.0
2019-09-22,1120.0,1660.0,938.0
2019-09-23,1140.0,1660.0,843.0
2019-09-24,1130.0,1620.0,798.0
2019-09-25,1150.0,1520.0,772.0
2019-09-26,1140.0,1450.0,756.0
2019-09-27,1150.0,1450.0,780.0
2019-09-28,1220.0,1480.0,822.0
2019-09-29,1310.0,1580.0,858.0
2019-09-30,1420.0,1810.0,876.0
2019-10-01,1560.0,1730.0,878.0
2019-10-02,1650.0,1620.0,898.0
2019-10-03,1650.0,1600.0,917.0
2019-10-04,1640.0,1580.0,898.0
2019-10-05,1650.0,1560.0,927.0
2019-10-06,1640.0,1550.0,920.0
2019-10-07,1630.0,1590.0,902.0
2019-10-08,1620.0,1600.0,989.0
2019-10-09,1680.0,1540.0,1030.0
2019-10-10,1690.0,1510.0,1010.0
2019-10-11,1680.0,1590.0,957.0
2019-10-12,1680.0,1660.0,987.0
2019-10-13,1690.0,1640.0,1010.0
2019-10-14,1690.0,1630.0,1010.0
2019-10-15,1720.0,1570.0,992.0
2019-10-16,1730.0,1550.0,977.0
2019-10-17,1720.0,1550.0,974.0
2019-10-18,1710.0,1520.0,1030.0
2019-10-19,1700.0,1500.0,1010.0
2019-10-20,1690.0,1490.0,1020.0
2019-10-21,1680.0,1530.0,1020.0
2019-10-22,1670.0,1560.0,1010.0
2019-10-23,1680.0,1580.0,1010.0
2019-10-24,1700.0,1630.0,1010.0
2019-10-25,1700.0,1670.0,978.0
2019-10-26,1700.0,1560.0,1010.0
2019-10-27,1680.0,1540.0,1020.0
2019-10-28,1640.0,1530.0,916.0
2019-10-29,1430.0,1330.0,871.0
2019-10-30,904.0,1200.0,873.0
2019-10-31,989.0,1280.0,909.0
2019-11-01,1200.0,1620.0,888.0
2019-11-02,1550.0,1970.0,908.0
2019-11-03,1610.0,2060.0,935.0
2019-11-04,1620.0,2070.0,980.0
2019-11-05,1610.0,2020.0,1000.0
2019-11-06,1620.0,1970.0,1020.0
2019-11-07,1600.0,1900.0,975.0
2019-11-08,1550.0,1860.0,947.0
2019-11-09,1540.0,1810.0,967.0
2019-11-10,1570.0,1760.0,980.0
2019-11-11,1540.0,1780.0,960.0
2019-11-12,1560.0,1770.0,894.0
2019-11-13,1500.0,1550.0,983.0
2019-11-14,1580.0,1420.0,989.0
2019-11-15,1580.0,1440.0,963.0
2019-11-16,1530.0,1430.0,962.0
2019-11-17,1540.0,1500.0,965.0
2019-11-18,1550.0,1500.0,969.0
2019-11-19,1570.0,1500.0,995.0
2019-11-20,1620.0,1440.0,1030.0
2019-11-21,1600.0,1490.0,980.0
2019-11-22,1480.0,1480.0,900.0
2019-11-23,1310.0,1480.0,898.0
2019-11-24,1320.0,1510.0,947.0
2019-11-25,1370.0,1460.0,942.0
2019-11-26,1350.0,1510.0,921.0
2019-11-27,1250.0,1530.0,835.0
2019-11-28,1140.0,1470.0,840.0
2019-11-29,756.0,1380.0,817.0
2019-11-30,583.0,1280.0,789.0
2019-12-01,590.0,1210.0,748.0
2019-12-02,754.0,1250.0,812.0
2019-12-03,997.0,1370.0,857.0
2019-12-04,1300.0,1470.0,846.0
2019-12-05,1400.0,1520.0,835.0
2019-12-06,1500.0,1530.0,841.0
2019-12-07,1510.0,1580.0,849.0
2019-12-08,1520.0,1670.0,879.0
2019-12-09,1400.0,1680.0,876.0
2019-12-10,1350.0,1500.0,816.0
2019-12-11,1340.0,1350.0,826.0
2019-12-12,1410.0,1380.0,837.0
2019-12-13,1450.0,1430.0,853.0
2019-12-14,1410.0,1500.0,838.0
2019-12-15,1290.0,1490.0,812.0
2019-12-16,1200.0,1430.0,776.0
2019-12-17,1040.0,1260.0,724.0
2019-12-18,1070.0,1140.0,713.0
2019-12-19,1090.0,1220.0,729.0
2019-12-20,1210.0,1410.0,784.0
2019-12-21,1350.0,1550.0,800.0
2019-12-22,1360.0,1550.0,796.0
2019-12-23,1300.0,1550.0,801.0
2019-12-24,1300.0,1550.0,813.0
2019-12-25,1330.0,1590.0,819.0
2019-12-26,1300.0,1580.0,805.0
2019-12-27,1030.0,1340.0,739.0
2019-12-28,805.0,1210.0,713.0
2019-12-29,902.0,1220.0,727.0
2019-12-30,1010.0,1250.0,725.0
2019-12-31,1040.0,1260.0,710.0
2020-01-01,1200.0,1210.0,743.0
2020-01-02,1320.0,1550.0,788.0
2020-01-03,1330.0,1700.0,784.0
2020-01-04,1280.0,1550.0,783.0
2020-01-05,1250.0,1420.0,755.0
2020-01-06,1180.0,1370.0,742.0
2020-01-07,1240.0,1370.0,758.0
2020-01-08,1280.0,1390.0,757.0
2020-01-09,1290.0,1420.0,758.0
2020-01-10,1110.0,1410.0,738.0
2020-01-11,1020.0,1200.0,720.0
2020-01-12,1070.0,1180.0,730.0
2020-01-13,1120.0,1200.0,732.0
2020-01-14,1080.0,1210.0,714.0
2020-01-15,1050.0,1220.0,662.0
2020-01-16,1100.0,1200.0,691.0
2020-01-17,1130.0,1330.0,749.0
2020-01-18,1200.0,1480.0,712.0
2020-01-19,1190.0,1450.0,713.0
2020-01-20,1240.0,1450.0,696.0
2020-01-21,1230.0,1430.0,714.0
2020-01-22,1210.0,1660.0,730.0
2020-01-23,1230.0,1690.0,715.0
2020-01-24,1240.0,1630.0,713.0
2020-01-25,1250.0,1600.0,715.0
2020-01-26,1270.0,1590.0,715.0
2020-01-27,1260.0,1580.0,722.0
2020-01-28,1280.0,1520.0,715.0
2020-01-29,1300.0,1470.0,703.0
2020-01-30,1330.0,1470.0,715.0
2020-01-31,1420.0,1480.0,708.0
2020-02-01,1550.0,1490.0,708.0
2020-02-02,1570.0,1300.0,754.0
2020-02-03,1390.0,1190.0,723.0
2020-02-04,1120.0,1160.0,657.0
2020-02-05,1130.0,1170.0,656.0
2020-02-06,1330.0,1190.0,727.0
2020-02-07,1360.0,1370.0,723.0
2020-02-08,1290.0,1460.0,723.0
2020-02-09,1220.0,1460.0,719.0
2020-02-10,1140.0,1460.0,720.0
2020-02-11,1140.0,1450.0,676.0
2020-02-12,1100.0,1410.0,708.0
2020-02-13,1080.0,1450.0,701.0
2020-02-14,1140.0,1480.0,710.0
2020-02-15,1170.0,1470.0,697.0
2020-02-16,1170.0,1470.0,703.0
2020-02-17,1150.0,1480.0,698.0
2020-02-18,1100.0,1420.0,692.0
2020-02-19,1050.0,1270.0,677.0
2020-02-20,971.0,1170.0,617.0
2020-02-21,962.0,1160.0,619.0
2020-02-22,1020.0,1280.0,664.0
2020-02-23,1100.0,1440.0,692.0
2020-02-24,1150.0,1430.0,693.0
2020-02-25,1120.0,1560.0,686.0
2020-02-26,1090.0,1580.0,675.0
2020-02-27,1110.0,1510.0,674.0
2020-02-28,1120.0,1450.0,679.0
2020-02-29,1140.0,1420.0,690.0
2020-03-01,1150.0,1420.0,701.0
2020-03-02,1130.0,1500.0,694.0
2020-03-03,1130.0,1600.0,713.0
2020-03-04,1170.0,1730.0,828.0
2020-03-05,1150.0,1510.0,867.0
2020-03-06,1150.0,1430.0,843.0
2020-03-07,1170.0,1480.0,1060.0
2020-03-08,1200.0,1530.0,1200.0
2020-03-09,1230.0,1520.0,1110.0
2020-03-10,1210.0,1480.0,913.0
2020-03-11,1170.0,1260.0,865.0
2020-03-12,1170.0,1270.0,922.0
2020-03-13,1170.0,1220.0,865.0
2020-03-14,1140.0,1210.0,810.0
2020-03-15,1010.0,1400.0,763.0
2020-03-16,1090.0,1680.0,763.0
2020-03-17,1240.0,1720.0,792.0
2020-03-18,1210.0,1610.0,821.0
2020-03-19,1190.0,1520.0,837.0
2020-03-20,1150.0,1490.0,805.0
2020-03-21,1150.0,1480.0,812.0
2020-03-22,1140.0,1490.0,836.0
2020-03-23,1150.0,1490.0,854.0
2020-03-24,1160.0,1490.0,880.0
2020-03-25,1190.0,1490.0,896.0
2020-03-26,1180.0,1490.0,887.0
2020-03-27,1160.0,1480.0,864.0
2020-03-28,1150.0,1470.0,834.0
2020-03-29,1140.0,1480.0,835.0
2020-03-30,1140.0,1480.0,849.0
2020-03-31,1180.0,1330.0,877.0
2020-04-01,1210.0,1240.0,896.0
2020-04-02,1180.0,1230.0,844.0
2020-04-03,1140.0,1270.0,812.0
2020-04-04,1140.0,1280.0,806.0
2020-04-05,1140.0,1300.0,819.0
2020-04-06,1150.0,1230.0,831.0
2020-04-07,1160.0,1210.0,867.0
2020-04-08,1190.0,1250.0,936.0
2020-04-09,1240.0,1290.0,975.0
2020-04-10,1300.0,1320.0,1020.0
2020-04-11,1430.0,1340.0,1150.0
2020-04-12,1660.0,1380.0,1160.0
2020-04-13,1750.0,1470.0,1030.0
2020-04-14,1660.0,1430.0,997.0
2020-04-15,1620.0,1380.0,1010.0
2020-04-16,1580.0,1410.0,988.0
2020-04-17,,,
2020-04-18,,,
2020-04-19,,,
2020-04-20,,,
2020-04-21,,,
2020-04-22,,,
2020-04-23,,,
2020-04-24,,,
2020-04-25,,,
2020-04-26,,,
2020-04-27,,,
2020-04-28,,,
2020-04-29,,,
2020-04-30,,,
2020-05-01,,,
2020-05-02,,,
2020-05-03,,,
2020-05-04,,,
2020-05-05,,,
2020-05-06,,,
2020-05-07,,,
2020-05-08,,,
2020-05-09,,,
2020-05-10,,,
2020-05-11,,,
2020-05-12,,,
2020-05-13,,,
2020-05-14,,,
2020-05-15,,,
2020-05-16,,,
2020-05-17,,,
2020-05-18,,,
2020-05-19,,,
2020-05-20,,,
2020-05-21,,,
2020-05-22,,,
2020-05-23,,,
2020-05-24,,,
2020-05-25,,,
2020-05-26,,,
2020-05-27,,,
2020-05-28,,,
2020-05-29,,,
2020-05-30,,,
2020-05-31,,,
2020-06-01,,,
2020-06-02,,,
2020-06-03,,,
2020-06-04,,,
2020-06-05,,,
2020-06-06,,,
2020-06-07,,,
2020-06-08,,,
2020-06-09,,,
2020-06-10,,,
2020-06-11,,,
2020-06-12,,,
2020-06-13,,,
2020-06-14,,,
2020-06-15,,,
2020-06-16,,,
2020-06-17,,,
2020-06-18,,,
2020-06-19,,,
2020-06-20,,,
2020-06-21,,,
2020-06-22,,,
2020-06-23,,,
2020-06-24,,,
2020-06-25,,,
2020-06-26,,,
2020-06-27,,,
2020-06-28,,,
2020-06-29,,,
2020-06-30,,,
2020-07-01,,,
2020-07-02,,,
2020-07-03,,,
2020-07-04,,,
2020-07-05,,,
2020-07-06,,,
2020-07-07,,,
2020-07-08,,,
2020-07-09,,,
2020-07-10,,,
2020-07-11,,,
2020-07-12,,,
2020-07-13,,,
2020-07-14,,,
2020-07-15,,,
2020-07-16,,,
2020-07-17,,,
2020-07-18,,,
2020-07-19,,,
2020-07-20,,,
2020-07-21,,,
2020-07-22,,,
2020-07-23,,,
2020-07-24,,,
2020-07-25,,,
2020-07-26,,,
2020-07-27,,,
2020-07-28,,,
2020-07-29,,,
2020-07-30,,,
2020-07-31,,,
2020-08-01,,,
2020-08-02,,,
2020-08-03,,,
2020-08-04,,,
2020-08-05,,,
2020-08-06,,,
2020-08-07,,,
2020-08-08,,,
2020-08-09,,,
2020-08-10,,,
2020-08-11,,,
2020-08-12,,,
2020-08-13,,,
2020-08-14,,,
2020-08-15,,,
2020-08-16,,,
2020-08-17,,,
2020-08-18,,,
2020-08-19,,,
2020-08-20,,,
2020-08-21,,,
2020-08-22,,,
2020-08-23,,,
2020-08-24,,,
2020-08-25,,,
2020-08-26,,,
2020-08-27,,,
2020-08-28,,,
2020-08-29,,,
2020-08-30,,,
2020-08-31,,,
2020-09-01,,,
2020-09-02,,,
2020-09-03,,,
2020-09-04,,,
2020-09-05,,,
2020-09-06,,,
2020-09-07,,,
2020-09-08,,,
2020-09-09,,,
2020-09-10,,,
2020-09-11,,,
2020-09-12,,,
2020-09-13,,,
2020-09-14,,,
2020-09-15,,,
2020-09-16,,,
2020-09-17,,,
2020-09-18,,,
2020-09-19,,,
2020-09-20,,,
2020-09-21,,,
2020-09-22,,,
2020-09-23,,,
2020-09-24,,,
2020-09-25,,,
2020-09-26,,,
2020-09-27,,,
2020-09-28,,,
2020-09-29,,,
2020-09-30,,,
